"9cfcf1c8cfc9fba73dda789269ad48be","2B","Oui. Les formes de vie mécaniques sont des armes créées par des extraterrestres. La Terre est tombée entre leurs mains, et le groupe YoRHa se bat pour la reconquérir."
"7b1827c776daec1f58d89bbd326053c2","9S","Procédons ainsi : je me charge du réacteur du sud, pendant que vous vous occupez de celui à côté du Logistikon bêta. Vous êtes d'accord ? Alors à plus tard !"
"46c640323b229abde017ad56b79e2cf9",Alayla,"Grâce à vos glaces, nous avons passé un moment inoubliable, en famille. Je ne sais pas comment vous remercier."
"9281b11224d9a2a9e6ebb1565f7fe7a0",Alisaie,"De Ga Bu, voyons, qui d'autre ? Sa subjugation par Titan à la suite du meurtre de ses parents a été si intense qu'il s'est retrouvé dans un état végétatif comparable à celui de Halric. Et si son âme pouvait être traitée de la même manière ?"
a2903f667c63009d3cb10719647e4505,Allagan Node,"Je vous rappelle que si vous vous écartez du chemin que j'aurai tracé, vous risquez d'enclencher le système de sécurité. Je ne pourrai en aucun cas être tenue responsable en cas de décès de votre part. Merci de votre compréhension."
"65df1b93b9d38f4f2cd15e4a9f786fb4",Alphinaud,"Tout l'historique de l'organisation y est, de sa fondation pleine d'espoirs et de promesses à son lamentable dénouement. J'ai tenté d'y inclure tous les détails, les avantages comme les inconvénients objectifs, et je pense avoir fait le tour de la question."
e3b95af838cca096ddfb5e66e8d504f7,Amaljaa,"Transmis de génération en génération, les outils de chasse miqo'tes sont, à ce qu'on raconte. Nos amis, les Miqo'tes ne sont pas. Mais un comportement digne des Amalj'aa, humilier sans raison autrui n'est pas. Tolérer les vilenies de nos frères de race, nous ne saurions. "
"957b562017ad26fd3bfef9fcc163df39",Amaro,"Je n'aspirais qu'à vivre aux côtés des humains, mais le destin a voulu que je tombe entre les mains des pires d'entre eux... À chaque fois que vous vouliez communiquer avec moi, j'étais tétanisé par la peur..."
"24868a6ed39f258d30ca80cc4377909f",Ananta,"La fin de l'oppression garlemaldaise ne signifie pas que tous nos problèmes aient disparu comme par enchantement. Pour que nous puissions vivre à la fois en paix et dans la plus totale indépendance, notre tribu doit être dirigée par une main de fer dans un gant de velours, si je puis dire. Ssss..."
"199202dfa79d4c890e3627e863bd1137",Ardbert,"En te joignant à nous, tu vivras toutes sortes d'aventures et de rencontres, et l'une d'entre elles pourrait bien t'apporter la solution au problème qui te préoccupe tant."
"01dac01ecc0fe7772b4e5f06ce58b8a1",Arenvald,"Au bout d'un temps, j'en ai eu assez de mener cette vie de larcins et j'ai quitté Ala Mhigo. Je me suis fondu dans un groupe de réfugiés cherchant asile, et avec eux, j'ai franchi la muraille. De l'autre côté, je me suis réinventé aventurier, et de fil en aiguille, j'ai rejoint les Héritiers."
b4cf9dc3f6785498a445ee35f01ddbbc,Artoirel,"Je vais l'emmener au Nid du faucon pour qu'il reçoive des soins et je reviendrai avec des renforts. Pendant ce temps-là, j'aimerais que vous fouilliez la zone qui se trouve au nord du camp. Si vous trouvez une piste, ne m'attendez pas et suivez-la jusqu'à leur repaire."
"3ef9293abacf49da27ee0cf0410fc580",A-Ruhn-Senna,"Moi aussi, je vais essayer de changer. Comme A-Towa, j'essaierai de m'adapter et de voyager au-dehors quand le besoin s'en fait sentir, par exemple si jamais une nouvelle menace plane sur la Sylve. Les solutions peuvent se trouver à l'extérieur ; c'est la leçon que j'ai retenue de toute cette aventure."
"87f1e83bcef7e00c7a058f2835619141",Asahi,"C'était mon intention, en effet. Mais même en si glorieuse compagnie, j'ai bien peur que les habitants du village soient pris d'angoisse à la vue d'un uniforme garlemaldais tacheté de sang."
"48c846b7afc975f11f2fd696108fe969",Au Ra Female Child 1 & 5,"J'aimerais te donner ça en gage de ma gratitude. Je m'entraîne pour devenir une udgan, mais j'ai encore tellement de choses à apprendre... J'attends avec impatience le jour où je pourrai prier pour toi."
"446d4fca3482bf690a1c1ab08c91a23c",Au Ra Female Child 2,"Géniaaal ! Et je voulais m'excuser parce que je vous ai menti... Ma maman, elle n'est pas malade... Par contre, elle va bientôt avoir un bébé. J'vais avoir une petite sœuuuur ! Ou un petit frère..."
d919ddcf8593533140b48019448936a5,Au Ra Female Child 4,"J'ai compris que personne ne prêterait attention à une enfant comme moi à moins de devenir une prêtresse respectée. Mon manque d'assiduité m'a perdue ce jour-là... La culpabilité m'a envahie, et quand les cauchemars ont commencé, j'ai pensé que les Ténèbres me punissaient..."
"43e2e215df3b3722780364a69d14bff2",Au Ra Male Child 1,"Un jouet ! Je veux un jouet ! Hé hé hé ! J'ai aidé mes parents, et ils m'ont donné un peu d'argent de poche ! Je sais qu'il y a pas beaucoup, mais tu penses que je pourrais acheter quoi avec ça ?"
a003fbff2734c40b1578d3244749e13b,Au Ra Male Child 2,"Du ciel tombe la pluie qui nourrit la terre. De la terre pousse l'herbe qui repaît les bêtes. Des bêtes vient la chair qui nous nourrit. Les 10aela ont leur place dans le cycle de la vie, où qu'ils soient."
"72a9cc98483d68cdb7404d5c7ac2b5a4",Au Ra Male Child 3,"... Hum... Enfin c'est vrai que le problème vient peut-être de moi. À bien y réfléchir, c'est peut-être aussi pour ça que mon frère et moi, on fait rien que de se battre !"
"6d9e4ca8c17eddbeee82a590d858b57d",Au Ra Male Child 4,"Formidable ! Ça m'a demandé de grrros efforts pour venir jusqu'ici, mais grâce à toi, ils sont récompensés !"
d849058b26b33cc53aec46a255a7e1e1,Au Ra Male Child 5 & 6,"À moins que... Peut-être que maman a raison. Comme je réfléchis beaucoup et que je parle peu, il paraît que les gens ont tendance à croire que je suis toujours fâché. Ce serait aussi pour ça que mon frère en a toujours après moi ?"
a27ef61d696af8f44c94409226331c78,Au Ra Raen Female 1,"Depuis, une profonde rancune bout en son for intérieur. Là où vous vous êtes distingué par le système de méritocratie dans vos rangs, en offrant des postes clef à des personnes originaires des provinces annexées, Valens rejoignit la cause des suprématistes de la capitale."
"14259d65ae6763bd62def16d455dea1a",Au Ra Raen Female 2,"C'est vrai qu'il fait toujours frisquet au village... Ceci dit, c'est parfois bien pire à la surface ; j'ai entendu parler d'une région où il fait si froid que l'eau dans le ciel se met à geler, et devient ce que l'on appelle de la ""neige"". Peut-être que ses habitants ont la solution ?"
b55d2da0330a713514192d3d92b11638,Au Ra Raen Female 3,"À la seconde où j'ai posé le pied sur la scène, j'ai senti le regard glacial des invités se braquer sur moi. J'étais tétanisée de peur. Impossible d'exécuter ma danse, c'est comme si mes jambes ne m'obéissaient plus."
c21f0e19269006bb6786ec39afa30b4c,Au Ra Raen Female 4,"Mon maître m'a demandé de me rendre sur Kogane-dori pour y faire des achats. Je m'apprêtais à rentrer, quand j'ai réalisé que cette marchande m'avait fait payer bien plus cher que le prix courant. Je suis allée protester, mais c'est à peine si elle m'a regardée."
a67febf9ba402e30ff0d93a3ba0a59e4,Au Ra Raen Female 5,"Pardonnez-moi, je ne parvenais pas à trouver mes mots. Comme vous devez vous en douter, Otius n'est pas un simple cristal comme les autres. Sa particularité consiste à absorber les ondes vibratoires NRR pour en amplifier ensuite la fréquence."
"0fd8269e292e7fd84331c4c28b90fc11",Au Ra Raen Male 1,"Par contre, je ne t'ai pas menti, c'est bel et bien incurable. Je devrai continuer à leur administrer mon traitement à vie. Mais bon, si j'avais dit ça à mes clients, tu comprends bien qu'ils n'auraient pas apprécié."
"051009def226e8e4329f3301479fff0e",Au Ra Raen Male 2,"S'il y a une chose que ces événements m'ont permis de comprendre, c'est que plus la coupure avec le monde extérieur est longue, plus les esprits sont étriqués et plus les décisions prises peuvent être mauvaises. Je pense reconsidérer certaines de mes positions... pour notre bien à tous."
"0245b6f3ad67432998e7ee7a6738e526",Au Ra Raen Male 3,"En fin de compte, affrontements et commerce ne devaient pas faire si bon ménage que ça, puisqu'il est revenu à peine quelques jours plus tard... tout sourire cependant, affirmant qu'il avait déniché sur place un ""cadeau des Dieux""."
"0e093440149705c9fde49b1c4110c1de",Au Ra Raen Male 4,"Personnellement, je n'ai ni les compétences, ni le courage de me battre avec les autres, mais vous avez l'air d'un homme qui a connu son lot de batailles ; je pense donc que ça pourrait vous intéresser."
ebc5c5e86c99614d35bf506e550aabcb,Au Ra Raen Male 5,"C'est d'ailleurs une chance que nos amis menuisiers aient eux aussi pu se remettre au travail, car nos activités sont étroitement liées. Main dans la main, nos artisanats redonneront à Doma tout son éclat !"
"611cae3b1b2c6e34ca7a541b35ff3a69",Au Ra Raen Male 6,"Pour en obtenir d'autres, vous devrez utiliser votre Yo-kai Watch. Il vous suffira de la mettre à votre poignet et de vous confronter aux aléas de la vie."
"2cecb5d30444d8ead234fdb03d34e4b1",Au Ra Xaela Female 1,"Ah, le doux vent de la steppe, l'apaisant meuglement des hainags... Loués soient le Dieu-soleil et la Déesse-lune de nous offrir cette terre fertile qui... Ah, ça y est, cet horrible goût s'est dissipé. Mon esprit peut enfin réintégrer mon corps."
b62d9a35bbfdea23db1a61794a9e1e9f,Au Ra Xaela Female 2,"Ils ont creusé ces tambours à Ceol Aen parce qu'ils voulaient que cet amour soit transmis à leurs enfants à travers les âges. Malheureusement, les années ont contrarié leurs desseins, et il n'en reste que des ruines aujourd'hui."
"2edf2a88bd60b17e30736cb7bff3bbb4",Au Ra Xaela Female 3,"Seulement, nombre de cristaux sont instables, et en nourrir un être arcanique de façon irréfléchie aurait à terme pour effet de détruire l'équilibre élémentaire de son corps, ce qui l'anéantirait instantanément."
"29239c14474461cbb3b3821e58bf11cf",Au Ra Xaela Female 4,"Nous savons à présent avec certitude que notre chapardeur d'hippochar n'était pas un Arkasodara, mais bel et bien un Gajasura nommé Acala. Pour prouver sa valeur à ses pairs qui le dénigrent à cause de sa petite taille, il cherche à conquérir Thavnair."
"1010336ff5bc555a8e328de115d7bc1a",Au Ra Xaela Female 5,Quel étal bien garni ! Ça me rappelle que je dois encore acheter de quoi préparer le repas de mes enfants. Ils ont mangé du poisson hier. Tu aurais quelque chose pour des petits goinfres en pleine croissance ?
"20c895b1a5c766acd13d44f93eb050fc",Au Ra Xaela Male 1,"Peuh ! Je ne peux pas croire qu'un étranger ait pu triompher d'une épreuve réservée aux guerriers de la steppe... Du moins, pas tant que tu n'auras pas triomphé de MON épreuve !"
c7eef202f340d1ce1808f57f43f57aef,Au Ra Xaela Male 2,"Pour nous punir, ils ont relâché des scarabées géants, qui ont saccagé le sol et creusé des galeries dans les montagnes. En voyant les dégâts, nos aïeux ont compris leur faute et décidé de vivre reclus dans ces cavernes, loin de toute tentation."
c2571c43f83f18d09a29c77f07719149,Au Ra Xaela Male 3,"Mais plutôt que de se lamenter sur sa condition, il l'a acceptée. Il a pris comme un honneur le fait d'être condamné en tant que chevalier noir. Il a ainsi abandonné les chaînes qui le retenaient dans sa vie précédente, comme son bouclier et le blason qui l'ornait. À la place, il s'est approprié quelque chose de bien plus puissant."
"4e7f75d577a60e018c71f65a75ab065f",Au Ra Xaela Male 4,"Il ne faut pas oublier que le Destructeur a choisi de m'honorer de ses visions... C'est pourquoi il serait plus juste d'emprunter sa voix illuminée ! C'est décidé, j'utiliserai un passage de la Prophétie de la forêt obscure !"
ba007f2ff0569675a47e9eb6b37083ec,Au Ra Xaela Male 5,Il y a juste un événement lors duquel Alexander a été forcé d'intervenir. C'est le moment qui a suivi son invocation. Le nombre de possibilités faisait que le futur était particulièrement instable.
"9eab0be01ea42c5f540ee9d8a68a93a2",Au Ra Xaela Male 6,"B-bien sûr, je n'ai pas oublié notre objectif ! C'est juste que... nous serions déjà morts si Mitsuba n'avait pas eu l'amabilité de nous nourrir... Je me sentirais mal de partir comme un voleur après tant de générosité..."
fafa98f40f852c044e213ec52794e352,Aymeric,"Si vous le permettez, je pense que nous devrions prendre contact au plus vite avec les résistants de Gyr Abania. Nous avons beaucoup de points communs avec eux et il est capital que nous leur prouvions notre solidarité. Ce n'est qu'ainsi qu'Ala Mhigo pourra se libérer du joug de l'Empire."
"1d9f6fccab46a2cb20d0508d976e3e06",Azeyma,"Quelle bonne idée j'ai eue de confier un message à ton amie, l'érudite à l'enthousiasme débordant ! Depuis notre première rencontre, je ne pense qu'à nos retrouvailles."
"15d8e04ad6244335b30020fded7ea0b1",Baderon,"Bien, nous avons tout ce qu'il nous faut. Souffle un coup et reparle-moi quand tu seras prêt. Je t'expliquerai alors comment rejoindre la salle de réception."
bb73183e044f669e536d93bbb72d1673,Bakool Ja Ja,"On a réussi à éviter le pire, mais cet empaffé de Sareel Ja a fait des dégâts non négligeables. Au nom des forces de sécurité, on a fait notre rapport à Leurs Altesses et on leur a présenté nos excuses, ja."
fa3eff1e1136066e8066756aeda24325,Brennan,"On dirait pas comme ça, mais Sohm Al est un volcan actif. Beaucoup l'ignorent, mais il y a une grotte immense à son pied, un endroit où la lave coule à flots."
"530d5f168910f84adce69947e09a0768",Byregot,"Mais dis-moi, je vois que tu consacres beaucoup de temps à la pratique de l'artisanat. Comme tu peux l'imaginer, rien ne pourrait me faire plus plaisir."
"17c90136f74c7a955891875369a52cfd",Cait Sith,"L'ennemi a frappé fort, et il ne s'attend probablement pas à une riposte. Nous devrions en profiter pour lancer l'assaut immédiatement. Pendant que les Harpies féroces s'occuperont du menu fretin, _NAME_ et moi nous chargerons de récupérer la Clef de voûte !"
"3c3d6e481bc0e7b1a98970114b0517e1",Calyx,"Excellente idée ! Et plutôt que de nous perdre en paroles, je propose que nous passions immédiatement aux actes !"
"7dae769c00b48d063e11db4628a5341e",Carvallain,"Je t'arrête tout de suite, ma mignonne. Nous avons reçu une lettre de marque de l'Amirale, ce qui fait de nous des corsaires. Nos activités sont tout ce qu'il y a de plus honnête ! Mais dites-moi plutôt, qu'avons-nous à gagner en aidant votre organisation ?"
"6cb911b66bb936164e847fdb72da2f50",Chai-Nuzz,"En clairrr, je voudrais que vous me guidiez jusqu'aux talos avec la longue-vue que je vais vous confier. Votre rôle consistera à me donner le signal pour que je puisse m'approcher suffisamment près de mes cibles et lancer les perles isolantes au bon moment."
"22f8514d5e99f6aa37e9c94f6157ac07",Cid,"Ce que je ne pige pas, c'est pourquoi il nous a aidés. C'est pourtant l'animal de compagnie de cet allumé de Quickthinx, n'est-ce pas ? ... Si seulement il pouvait parler, je lui demanderais bien..."
"88cb7e2f9cfec4bcd3426f0e4129ce16",Cirina,"Je vous propose de procéder à vos recherches dans la grotte pour commencer. Si sa force est exploitable, nous pourrons alors essayer de convaincre ceux qui lui vouent un culte de nous suivre. C'est de cela que dépendra notre adhésion à la coalition."
"75c98e22c549387e23bd999a2ba06070",Clive,"Jusqu'à présent, elle m'a amené jusqu'aux souterrains du fort Phénix, dans un dédale de vestiges remontant à l'époque de la civilisation céleste. C'est là que j'ai perdu connaissance..."
b8af33a70f8ea7d2945f2f8d86551828,Conrad,Je vous attends ici. Revenez lorsque vous aurez rencontré ces gens. Merci d'avance.
"550af17a6cddebe27cab8653a24e3ea6",Count Edmont de Fortemps,"Ishgard est en pleine effervescence depuis que les combats ont débuté. Nombreux sont ceux qui ont déjà fait route pour le champ de bataille, y compris mon fils aîné, Artoirel, qui a pris la tête d'une troupe de chevaliers."
ea41a7098bbc5e2bc03a97694b55228d,Dragon Female,"L'accroissement des populations et des richesses aidant, les appétits des uns et des autres s'aiguisèrent, au point qu'une inévitable guerre de territoire éclata. C'est alors que les hommes se souvinrent de l'existence des dragons."
"2cd4756fd0f5f394b11ea6814de8ca58",Dragon Large,"J'aimerais pouvoir aller moi-même le prendre sous mon aile afin de le réconforter. Malheureusement, mon compagnon m'interdit formellement de m'éloigner du nid. Il m'invective dès que je fais le moindre geste."
"7a06712352aa9581a608509bf608af0d",Dragon Medium,Chaque ordre ignoré était comme un coup de lance planté directement dans son cœur. C'est pour lui épargner toute cette souffrance que je l'ai envoyée en Orient. Je me suis séparé d'elle avec l'espoir que nous nous reverrions bientôt.
"1bdca47793c258771b9a4ff2cb0269aa",Dragon Small,"Alors, mon cher Hautdi ? J'imagine que tu es content de cette petite escapade, et que tu comptes maintenir de bons rapports avec les dragonnets à l'avenir, pas vrai ?"
"3b6805f55c57a47a457d5c3d936dd838",Dulia-Chai,"L'élection a tout de même eu lieu, et chacun d'entre nous a voté en son âme et conscience pour celui ou celle qu'il jugeait le plus apte à remplir ce rôle. Le résultat a été en faveur de, je vous le donne en mille... mon marrri !"
"1ca95c53df5f44106c4947d39e75de20",Ea,"Vous avez mangé... Des céréales moulues, pétries et durcies à la cuisson, c'est bien ça ? Qui aurait cru que le goût changerait tellement après préparation ? Je peux sentir son moelleux et sa texture suave au contact de la langue !"
f90989b859c99c9d6551b78a8bdcca4f,Elderly Female,"Mon arrière-grand-mère a apporté la boîte avec elle, puis elle est passée à ma grand-mère, à ma mère, et finalement à moi. C'est notre trésor, notre lien avec un passé lointain, mais même si nous en avons pris grand soin, elle commençait à accuser le poids des années..."
"7e18a87a670fce98c505bec584dd8574",Elderly Male,"Il n'y a pas à dire, les étoffes d'Ul'dah sont d'une qualité tout bonnement impressionnante. M'est avis que si l'engouement se crée autour de la nouvelle robe de mademoiselle Kotocho, alors les vêtements de style occidental seront promis à un bel avenir ici."
"62307a549939ec873d0999170b6bfe5c",Elderly Male Hyur,"Et parmi tous ces récits, il y a celui qui t'intéresse : son palais englouti. Alzadaal III aurait trouvé une île déserte au milieu de la mer de l'Abondance, et construit son coffre-fort pile en dessous, au fond de l'océan..."
c0e46313dc7e74df4d0c65c0c54665d1,Elezen Duskwight Female 1,"Elle est grande, n'est-ce pas ? C'est mon grand-père et son ami lalafell qui l'ont construite, mais en réalité, ils ne l'ont pas vue terminée de leur vivant. "
f491337ff259f1216cdf943a8047ff7b,Elezen Duskwight Female 2,"Merci infiniment, aventurier. J'avais tort de douter du pouvoir de l'astromancie."
"9fc6f5c695ce340e62e949f2bc76f6eb",Elezen Duskwight Female 3,"Cette bague a plusieurs centaines d'années, vous savez. Mon ancêtre, un scientifique ayant connu la Guerre des fulgurations, l'aurait façonnée de ses propres mains afin de demander l'élue de son cœur en mariage."
f80d58989e5e3eb6ff00cc2703c823dc,Elezen Duskwight Female 4,"Figurez-vous qu'il nous arrive de prêter des livres concernant l'histoire de la médecine, ici. Je ne sais pas si c'est parce que ceux qui nous les ont empruntés ont disparu, mais plusieurs de ces ouvrages ne nous ont jamais été rendus. Pourriez-vous aller les récupérer ?"
"1496720a79ae067670fe6f2348a37f8d",Elezen Duskwight Female 5 & 6,"C'est pour elles que nous prions quotidiennement, afin qu'elles trouvent la paix et la sérénité dans le calme des douces Ténèbres, pour ensuite revenir parmi les vivants et s'incarner dans une nouvelle existence bénie par l'obscurité..."
d0a82b4c2049918bdd48694abe8b189d,Elezen Duskwight Male 1,"Un méfait stupide et qui fut rapidement découvert. Une atmosphère de suspicion régna alors dans la guilde, et la culpabilité m'accabla. Je choisis donc d'avouer et convainquis mes complices d'en faire autant."
"911b863f644966865aa61f4d5795a89f",Elezen Duskwight Male 2,"... Vous n'en avez pas ? Ah, voilà qui est embêtant. Je sais de source sûre que Rowena en propose à la vente dans sa boutique. Est-ce que ça vous ennuierait de faire un petit aller-retour au Glas des revenants ? Il m'en faudrait trois flacons en tout. Faites attention sur la route, et revenez vite."
"2a547121289e7734d50c25290c4f56af",Elezen Duskwight Male 3,"Ah ! J-je suis tellement troublé que j'en oublie de me présenter... Je m-m'appelle Jandelaine... Je vous en supplie, sans mes outils, ma vie ne tient plus qu'à un cheveu !"
d1039f40ddd5590e744fa63321c16593,Elezen Duskwight Male 4,"Or, il ne tarda pas à déchanter... La violence rare du conflit ne lui laissa que peu d'habitants avec qui traiter. Dépité, alors qu'il repartait vers son pays d'origine, il aperçut un engin s'écraser et vint en aide à son étrange pilote."
"8cf473387ddeb339a9f16840ae9cbfa7",Elezen Duskwight Male 5,"C'était il y a vingt ans... J'ai ensuite vécu au jour le jour, jusqu'à ce que j'apprenne que les Deux Vipères recrutaient des aventuriers afin de se battre contre les Impériaux."
f035380b4604da55f948fb323dfd8503,Elezen Duskwight Male 6,"C'est moi qui ai rédigé la lettre que vous portez, dans le but de lui faire entendre raison. C'est l'aîné de notre fratrie et il est grand temps qu'il revienne à Ishgard pour enfin faire face à ses responsabilités !"
"2dddca19e4d1ee2a87156db6374dca51",Elezen Female Child 1 & 3,"C'est du bois ? Merci ! Mais je ne mérite pas d'être la seule à profiter de la chaleur d'un bon feu. Attendez, j'ai une idée ! Donnez-moi tout ce bois."
e14cad3e694f14fb37967f9f1e4d6191,Elezen Female Child 2,"... Je sais que Fray et toi avez pris ma défense pour respecter la volonté de votre maître, car c'est ce qu'il aurait voulu. Et je sais surtout que tu l'as fait pour devenir plus fort, car la seule chose qui t'importe est de tuer davantage de templiers !"
"655629eb6a2b7e587f2ec63621e66e94",Elezen Female Child 4,"Mes supérieurs m'envoient de plus en plus souvent en mission dans des zones reculées, et chaque fois je suis forcée de laisser Fremondain seul sans aucun moyen de défense. Je pensais donc lui offrir une épée."
"2df5cfd7783994e1a16b9305fc212186",Elezen Female Child 5 & 6,"Ensuite, les ""quatre lumières"", ce sont les réverbères autour du Miroir astral ! Quant au ""faisceau de la vérité éclaire la reine"", c'était pour désigner le lampadaire le plus proche du mésoterminal !"
"1be8c1a20daef99cfda6af5442d84bc9",Elezen Male Child 1,"Il est parti à dos d'amaro vers des vestiges situés en hauteur pour éprouver son courage... mais d'après les rumeurs, il y aurait des fantômes là-bas, et je suis vraiment inquiet pour lui !"
"95eee8f89590b19d7b443cff8cc64cbe",Elezen Male Child 2,"_NAME_, quel plaisir de vous revoir ! Pendant votre absence, j'ai pris contact avec les représentants de l'Alliance éorzéenne. Nous avons échangé moult informations, je suis donc au fait de cette sombre histoire de Néo-Primordiaux."
abed73be5f2e32995be685691c6e60ed,Elezen Male Child 3,"Dites, on pourrait faire de ça une tradition. Et si on offrait une paire de gants à chaque enfant qui quitte l'orphelinat ? "
"158456d4b74576009411a2e727b64a41",Elezen Male Child 4,"Comme je le disais à Cerigg, les purgateurs ont perdu toute notion de raison, et agissent par pur instinct. Inutile donc d'attendre des bons sentiments de leur part, mais si jamais l'inconscient de Phronesis pouvait nous être utile..."
e86287e862421f4e5ddd344ce3769f7a,Elezen Male Child 5 & 6,"J'y pense, vous avez vu Le Nouveau Refrain ? Ça en jette, hein !? On se disait qu'on pourrait peut-être trouver du boulot là-bas !"
"2d74494fae5030da0a61bc5d866bb3c1",Elezen Wildwood Female 1,"Cette fois-ci, mon étude des champignons de Sombrelinceul est bel et bien terminée ! Mon esprit a bien mérité un peu de repos. Lorsque j'aurai choisi mon prochain sujet de recherche, je ferai encore appel à vous, assistant numéro quarante-deux !"
f3e010c5f7466ee9462479910ea38267,Elezen Wildwood Female 2,"J'aimerais également vous demander de me livrer de quoi garder les aliments à la bonne température, et ce même pendant plusieurs heures, ou de quoi les rendre plus appétissants."
"291635419fab178e0e2100e09a00407a",Elezen Wildwood Female 3,"Leurs gages sont entièrement pris en charge par la guilde des aventuriers, autrement dit leurs services ne vous coûteront pas un gil."
"8305b1740e1712a663644271a7601af9",Elezen Wildwood Female 4,"Au fait, savez-vous ce que l'on raconte sur la Queue de la Comète ? Elle serait un don de Rhalgr, qui l'aurait créée avant les gigantesques raz-de-marée du sixième fléau. Sa lueur a alors permis de guider la population à l'abri dans les montagnes..."
"0857701b45d9580d28485235b6c284f3",Elezen Wildwood Female 5,"Un astromancien sharlayanais, vous dites ? Figurez-vous que je reviens de l'Observatoire et il me semble bien que sire Forlemort marmonnait quelque chose à ce propos..."
e2814d25ffb01a8fdafe4451ef032bd5,Elezen Wildwood Female 6,"Je n'ai pas de véritable récompense à te donner, mais sache que tu peux venir utiliser l'amphithéâtre quand tu le souhaites, du moment qu'il n'y a pas de représentation. Comme tu le vois, il est ouvert à tous."
"5437ac5ac2ca0013d03b594ecbca8350",Elezen Wildwood Male 1,"Pensant que c'était un voyageur égaré, j'ai appelé pour attirer son attention. Je me suis alors pressé dans sa direction, mais j'ai glissé et fait une terrible chute sur un rocher. Je me suis réveillé plusieurs jours plus tard, dans ce lit, où je récupère de mes blessures depuis."
ae4975f9263d76c2e59ebb531b475308,Elezen Wildwood Male 2,"Tiens donc, Forlemort aurait reçu une lettre... C'est bien la dernière personne que j'aurais mise au courant de cette invitation, mais les voies du destin sont impénétrables."
d8054a2e7383c457364bbde6be505ba5,Elezen Wildwood Male 3,"Attends voir que j'me rafraîchisse la mémoire... Non, il s'est rien passé de spécial ce jour-là, à part peut-être ce type qui est venu payer son ardoise. Vu le paquet qu'il me devait, ça m'a fait ma journée ! Il paraît qu'il avait touché le gros lot et qu'il quittait la ville."
"394d4cdefac4533b64fe57d474e3a3aa",Elezen Wildwood Male 4,"Même si par chance, vous parveniez à les découvrir, vous devriez encore vous faufiler à travers des hordes de monstres féroces pour les atteindre. Comment faire, vous me direz ?"
"5d72361c57a5ae475b44fa35e6d606d0",Elezen Wildwood Male 5,"Ne vous méprenez pas, je souhaite du fond du cœur que les recherches de sire Jannequinard aboutissent. Veuillez m'excuser si je vous ai perturbé."
fa7440005d9f82a4b9c67287fcf552c0,Elezen Wildwood Male 6,"Il se trouve que je commerce de plus en plus avec des étrangers. En particulier cet homme qui travaille pour la société des Vols Hautvent... Il m'achète des bouteilles de liqueur par caisses entières ! Il dit que ça l'aide à supporter le froid, mais je crois plutôt qu'il a un problème avec l'alcool."
"8dd91ad71688a9199d3f5f1203ac2eb7",Elidibus,"Je me demande si Landenel sera assez clairvoyant pour comprendre qui se cache derrière cet habile stratagème... Dis, tu ne voudrais pas rester à ses côtés encore quelque temps, pour veiller sur lui ? Si tu vois qu'il s'égare, n'hésite pas à lui rappeler la devise de la Fratrie des gabiers."
"33760865be781c95f69f319e7a8febe7",Emet-Selch,"Cependant, celui-ci ne peut pas se boire pur. Il faut donc y ajouter des ingrédients pour le diluer et lui donner du goût."
f52d59e30a9a414b31ed3155a11d8a34,Emmanellain,"Vous enquêtez sur les incendies ? J'aurais dû m'en douter. Je ne vous cacherai pas que les conjectures sur l'identité des coupables vont bon train. Que ce soit aux Contreforts ou à L'Assise, les dégâts sont considérables."
"563d96227ae6e73170a8e37045b460f4",Erenville,"La geste du Tuliyollal raconte que sur le passage de la bête, les feux brûlaient indéfiniment, la foudre frappait en continu, les glaces ne fondaient plus. C'est justement cette dernière propriété que l'Aurarque aurait exploitée pour créer une prison gelée."
d40ea9d6fe028b6a069832f55586bd46,Estinien,"Mais pour m'aider, tu vas d'abord devoir apprendre la technique ultime des Dragons célestes. Et pour cela, tu vas avoir besoin d'une armure spéciale."
"68ee3d8eb7e028266184f4fc5af29007",E-Sumi-Yan,"J'ai pensé lui faire suivre le même parcours initiatique que vous, mais comme elle est incapable de se défendre par elle-même, je ne peux pas la laisser y aller seule."
"82549d2b5ab3a811643e6bd639a5a6dd",Eulogia,"La seule différence sera la destination de vos prières. Dorénavant, au lieu des Douze, ce sera notre bénédiction qui les recevra. Ainsi, votre foi nourrira elle aussi le cycle de la vie."
b8f5b67c2760d0548eee5c56cbba3842,Eynzahr Slafyrsyn,"En fait, c'est la raison pour laquelle je vous cherchais. Vous connaissez l'île mieux que quiconque, ce qui fait de vous la personne idéale pour tester les épreuves que nous avons préparées. Et si vous prenez part aux manœuvres, inutile de vous dire que mes soldats seront motivés pour en être eux aussi !"
"1f402165cf0ca94521fed81439bea16e",Feo Ul,"Tes amis et toi avez bien trouvé une méthode pour empêcher la transformation en purgateurs, non ? En l'associant avec mes pouvoirs de Monarque féérique, rendre sa forme originelle à un enfeuillé devrait être possible."
"6ae2799c378d01879ba2a537174f7be3",Fordola,"On avait grandi ensemble, souffert ensemble... On s'était même pris à rêver de liberté ensemble ! Et moi, j'ai signé leur arrêt de mort !!!"
"8c99cab942f19fcef03699ccbfd3d0ef",Fourchenault,"Et selon moi, cet Hérésiarque n'est autre que Nerva, un homme dont les aspirations ont été étouffées et qui a sombré dans le désespoir."
b19ff90ed9983e8563c5f1cb79089854,Fuath,"Enfin, il ne faut surtout pas tout prendre au tragique dans la vie ! Tiens, par exemple, je serais absolument incapable de te dire où mon ancien moi s'est noyé ! Tu crois que si je retrouvais l'endroit exact, mon squelette s'y trouverait encore ?"
"34c98cfb569ceca52bc973953f56d81f",Gaia,"On verra bien. Pour le moment, allons retrouver Yalfort pour tout lui raconter."
e6dc0925b20121d2e9fbced02fd042a3,Gaius van Baelsar,"Il avait vu à quel point tu désirais utiliser la science pour apporter la paix au monde, et ça l'avait touché. Il était un tout autre homme après ça, mais il ne pouvait le montrer."
"1c17a2723a726f2a004b2ae5d677d9bb",Garuda,"Les vermines n'ont pas le droit de rêver de voler... Je vais leur arracher les entrailles et répandre leur sang partout, pour que plus jamais elles ne rêvent !!"
b38e224cb2617d8b183e0442452fe211,Gilgamesh,Mes talents d'épéiste n'ont pas tardé à se faire remarquer... C'est à ce moment que j'ai mis la main sur le Zanmato et que j'ai commencé à me faire connaître sous le nom de Yojimbo.
b3d4fdadcb4ebbac4dd2723c441c44fc,Goblin Female,"L'aventurier les voit peut-être comme des débris bons à jeter, mais pour un Gobelin accumuleur, ce sont des ressources, des trésors ! Idyllée va briller et scintiller grâce à ces joyaux !"
"660a203a25e104d2051f84e2778ad924",Goblin Male,"C'est un défi technique. Vous devrez développer un nouveau type de blindage permettant de tirer parti des avantages de deux matériaux. Cependant, j'ai confiance en vous. Je sais que vous y arriverez, si vous travaillez de concert. N'est-ce pas, Krystrymm ? N'est-ce pas, Fohcwyda ?"
"90be536af6261a4d625f2f36a3ed23a8",Godbert,Puis je me suis mis à réfléchir : que pourrais-je offrir au monde afin de le rendre plus sûr ? Et c'est ainsi que j'ai décidé de déterrer le savoir ancestral de ma famille.
d7cb62c8086165221a3813c5f5c114bf,Golbez,"Une clef qui permet de voyager entre les reflets... Si mon ""moi"" d'avant en avait appris l'existence, il aurait sûrement tenté de l'utiliser pour atteindre le monde primitif."
"414c6b5fd4e3bc9abb1e56bcd68012d7",Gosetsu,"Vous affirmez converser avec les morts, mais j'ai ici une lettre à remettre à l'un d'entre vous. De la part d'une personne que j'ai rencontrée après la bataille contre l'Empire."
dbd26b269f0ec827056b5e66dac14644,Gossan,"C'est bien mon intention. Malheureusement, je doute que cela suffise : une récente enquête du gouvernement a révélé qu'il y avait en réalité plus de cinq mille régulateurs noirs en circulation."
"61b031607a58b76fd908e3f5ee2d903c",G'raha Tia,"Souvenez-vous plutôt : la dernière fois, la sphère avait réagi à la présence de mon sang. Par conséquent, je me dis qu'avec un petit échantillon, vous pourriez peut-être feinter le système et vous fairrre passer pour des nobles allagois."
b0c3984f9120e42bd0e94898eb0af9c0,Gulool Ja,"Même s'il est trop tôt pour que je décide de devenir ou non souverain de la Force, je suis fier de l'autorité que m'a léguée mon père. Et je m'entraînerai sans relâche pour être prêt d'ici là, ja !"
"2dab51c388dec0db706febabf5cc3b96",Hancock,"Merci de nous avoir présenté un nouveau client, chers amis ! La Firme du commerce de l'Aldenard oriental vous le revaudra au centuple !"
"52e9ad640927e9763172435b9c9d8528",Haurchefant,"Si le rosaire n'est pas le sien, alors quelqu'un l'a forcément déposé à l'intérieur du coffre. Voilà ce que tu vas faire : retourner aux Cadenas et parler à Rickeman. Il travaille avec les convoyeurs qui traversent le Coerthas, il saura peut-être quelque chose."
"7702e1f3bc770218d338aad914d214a0",Hermes,"Lâcher les lycaons dans le monde extérieur, c'est prendre le risque d'un grand dérèglement de la chaîne alimentaire et de l'équilibre naturel en général. Ce serait une catastrophe absolue, car force est de constater que nos spécimens actuels posent déjà de graves problèmes à Elpis."
c9e3eee09bdb0a7201f949ae8bae47fa,Hien,"Vous vous demandez peut-être comment nous allons procéder en l'absence des corps, mais ici, en Orient, nous pensons que l'âme des défunts réside également dans leurs effets personnels. Ce sont ces objets mêmes que nous inhumerons en lieu et place des dépouilles."
ef29605dcd119531af5f301fdb6eb8b9,Hilda,"Comme son nom l'indique, la Mer de nuages est un lieu où les éléments de l'air et de l'eau s'entremêlent en permanence dans un remous vertigineux. Comment Ilberd a-t-il réussi à s'accaparer les Yeux du dragon ? Personne n'est jamais revenu vivant du tréfonds d'un endroit pareil..."
d92b20cf4f6cc6d16ee0fa1eb61dc594,Hildibrand,"À qui le dis-tu, ma chère Nashu ! Je commence d'ailleurs à me dire qu'il est du devoir d'un gentilhomme de lui remonter les bretelles..."
"091482d7374dad1072a5c24539fc32c3",Honoroit,"Ma méthode de calcul n'est peut-être pas la plus précise, mais j'ai réussi à déterminer le nombre approximatif de jours qu'il reste avant qu'ils soient capables d'invoquer leur Primordial. Tenez, voici un rapport dans lequel j'ai évalué les mesures à prendre et les risques qui y sont liés."
"43871310f28a79f475c08f14beaff0a0",Hrothgar Helions Female,"Quand j'étais plus jeune, je fabriquais des outils de chasse dans un village éloigné. Avec le temps, je me suis dit que je voulais poursuivre dans cette voie. Alors je suis partie m'installer là où je pouvais croiser du monde, c'est-à-dire à Tuliyollal."
"7f0f966a901aec613d8f3a4569416784",Hrothgar Helions Male 1 & 5,"Pour mener à bien mes recherches, je m'inspire de différentes technologies, y compris garlemaldaises. L'une d'elles s'est d'ailleurs révélée intéressante."
"33fd664d84d1752473e22c5aea75bfa5",Hrothgar Helions Male 2,"Notre tâche à nous, rôdeurs vipère, c'est de récolter des informations sur les nuisibles à travers tout le continent, et de les occire. D'ailleurs, si vous voulez en apprendre plus sur les créatures d'élite de la forêt de Yak T'el, n'hésitez pas à aller voir Ty'at Qat, que vous avez déjà rencontrée."
a11ea91894fd151ca72440b1f731dcf0,Hrothgar Helions Male 3,"Mais moi, je crois pas qu'il soit si rusé que ça. Y se contente juste de frapper les gens avec ses branches dès qu'il en voit passer près de lui. Malheureusement, il a tué quelques jeunes bergers et des marchands comme ça."
"12a25a9d1f62b1024c4b0b128bb85e72",Hrothgar Helions Male 4,"Une fois que vous aurez la sève, apportez-la à Dawkes, à Cristarium. Je compte sur vous !"
"20b1ef42a8ac1fa44c355dfa810c5e94",Hrothgar The Lost Male 1,"Dame Rowena, je suis celui qui vous a mise au courant des agissements de votre subordonnée, alors si vous le permettez, j'aimerais vous demander une faveur. Je comprends votre colère à son égard, mais je souhaiterais qu'elle reste à nos côtés pour continuer à soutenir la résistance bozjienne."
"551588e588613c7d48039b8ce43b4db5",Hrothgar The Lost Male 2,"Il y a deux sortes de contrats : ceux de chasse et ceux d'élite. Ces derniers sont les plus dangereux. S'ils sont dangereusement mortels ? Eh bien, ça dépend si tu t'en sors vivant ou pas, hein."
ad5cdf6171b62acc216e170fc9eb4045,Hrothgar The Lost Male 3,"Chacun de nous était prêt à donner sa vie, et beaucoup l'ont fait. Mais nous ne devons pas oublier tous ceux que la guerre répugne et qui n'aspirent qu'à vivre en paix. Comme Misija, nombre de Bozjiens préféraient la tutelle de l'Empire."
"298cab85c7ab8c428ccff6f3a384f7dd",Hrothgar The Lost Male 4 & 5,"Ha ! Cochon qui s'en dédit ! En tout cas, va falloir qu'on s'grouille pour organiser tout ça, toi et moi, sinon c'est du ciel qu'on la verra, not' première lanterne !"
"0dbfc2d5dcbd3e8bfbb33ab2768976bc",Hythlodaeus,"Ceux-là consommèrent leur énergie vitale pour créer la grande rivale de Zordiarche, Hydaelyn. Pour la première fois de son histoire, l'humanité était divisée en deux camps se livrant une guerre sans merci... Sais-tu ce qu'il advint par la suite ?"
c14f975bc901a75b20138a2b9b0b012c,Hyur Female Child 1,"La puissance magique des esprits est tellement grande que les gardiens les ont peut-être confondus avec des sorciers de Mhach venus pour envahir leur cité. Mais ce n'est qu'une possibilité parmi d'autres, et nous ne pouvons être sûrs de rien."
"68e7d8dff530a20f6f93edabd4b3a342",Hyur Female Child 2,"C'est vrai. Entre la grande tempête qui a ravagé la région et rendu difficile les déplacements, la mort de l'aurarque Gulool Ja Ja et j'en passe... Nous nous sommes dit que, quitte à être marchandes toutes les deux, autant essayer d'apporter un peu de bonheur aux gens."
"45f851c2113e8a42477aad0be6765a08",Hyur Female Child 3 & 5,"Oh, ne vous en faites pas, c'est exactement ce dont j'ai besoin. En fait, je me sers de ces morceaux d'étoffe pour créer des poupées un peu spéciales, qui servent de talismans pour dissiper la rancœur et la haine qui habitent certaines personnes."
dc7ea2bad3ab84cbbe95d5d953e5f2bd,Hyur Female Child 4,"L'entrée est gratuite, c'est avec la vente de souvenirs et de repas que nous faisons des profits. C'est un marché équitable, vous ne trouvez pas ?"
"008e66e9d7f30f11a9fff971ff1697c7",Hyur Highlander Female 1,"Bonjour. Vous êtes en voyage ? Dites, je m'en veux de vous incommoder, mais vous pourriez me rendre un petit service, si vous avez du temps libre ?"
"09f4f04c92f2bd5414aaef651889267c",Hyur Highlander Female 2,"Tu as raison, J'khebica, c'est pour ça que je souhaiterais que vous vous répartissiez le travail et que vous tentiez votre chance. Wido pourra tordre l'argent, Hal taillera la pierre et tu t'occuperas de t'assurer que l'objet est réussi, quitte à y apporter les dernières modifications."
f7814a96e36070d018f102051717438d,Hyur Highlander Female 3,"Nous perpétuons une vraie tradition du remède en Gyr Abania. Ici, rien ne se perd, nous préparons des décoctions à base de cornes, d'os, et bien plus encore. Cela offre à notre panoplie médicamenteuse un large éventail d'effets, du tonique au désinfectant, en passant par l'antidouleur."
"0d8fc7fd6c8e4b3b2faabb199df2ea4a",Hyur Highlander Female 4,"Même si ce n'est pas pour sertir des matérias, ça te fera sûrement un bon entraînement."
"8739a99f74017b4c630ec7f6c8b3864d",Hyur Highlander Female 5,"(soupire) Enfin, malgré tous ses défauts, Haribehrt est un homme juste. S'il vous fait confiance, alors je n'ai aucune raison de douter de vous. Vous voyez le type musclé, là-bas ? C'est Meffrid, un capitaine de la résistance. Présentez-vous à lui et expliquez-lui votre problème."
c0ecbbff25ae1f805d9ce18c535b9452,Hyur Highlander Female 6,"À la différence du Colisée, nous proposons à nos visiteurs d'assister non pas à des combats de gladiateurs, mais à ce que nous appelons des joutes bestiales, c'est-à-dire des affrontements entre des hommes et des créatures sauvages."
"348ec271b9a77e85ddc60ab074beceeb",Hyur Highlander Male 1,Bon sang... c'est pas la première fois qu'une de nos petites fêtes se termine avec bibi qui tombe dans les pommes. Pourtant... j'aurais juré ne pas avoir bu une goutte d'alcool ! Je me serais trompé de verre ?
"1dce72282c984715df038d23de67e78e",Hyur Highlander Male 2,"Ah ! Que le temps passe vite dans cette existence éphémère... Il guérit toutes les blessures, c'est du moins ce qu'affirment ceux qui n'ont jamais connu la véritable douleur. Je faisais jadis partie des sentinelles du Clairobscur, une unité de mercenaires d'élite chargée d'exterminer les monstres les plus vils. Il s'est passé plus de trente années depuis la dernière fois que j'ai porté leur étendard dans le Gouffre hurlant."
"034037cdd79d3dab13134dc7db78c778",Hyur Highlander Male 3,"Mais malheureusement les Impériaux sont venus et nous ont tout pris. Lorsqu'Ala Mhigo est tombée entre leurs mains, nous avons été emmenés dans un camp pour prisonniers. J'ai dû travailler dur là-bas, pendant que ma mère et ma sœur devaient endurer bien pire. Ne pouvant supporter de les voir souffrir, j'ai essayé d'organiser notre évasion..."
e3ca97b44a0206ccb83a5c22eabadf39,Hyur Highlander Male 4,"J'ai immédiatement demandé à l'un de mes camarades aventuriers de me livrer plusieurs sacs, et je me suis attelé à la confection des boulettes de riz. Malheureusement, elles n'ont pas plu aux Domiens..."
dec13762a45de002d0b6517b4aec0f1a,Hyur Highlander Male 5,"Elle n'a pas trop eu le choix, après tout, avec tous les ennuis qu'Aldis s'était attirés il y a sept ans. Ce salaud n'aurait jamais dû... Ah, j'en ai assez dit. Je vais me reposer un peu avant de rentrer à Ul'dah. Merci pour ton aide. Dis à Mylla que je vais bien, s'il te plaît."
b212f9b55eda71cb4a4afb0700eee12c,Hyur Highlander Male 6,"Même si la Lumière a disparu du ciel, être soldat reste une profession indispensable. Les purgateurs errants et les bêtes sauvages menacent toujours les habitants, après tout..."
"61950f0e04be83f04fcd03dde1935b7c",Hyur Male Child 1,"Bien sûr, j'aimerais aller récupérer ces paquets moi-même... mais pour être tout à fait honnête avec vous, je crains de faire une cible idéale pour les bandits qui sévissent dans les environs si je m'aventure seul hors des sentiers battus. J'espérais donc qu'une bonne âme vienne me proposer son aide."
b8839436f6861dcf7cb3cec19f3adb77,Hyur Male Child 2,"On s'amusait à jouer à ""tope là"" ici, en tapant dans les mains des gens dans les nacelles lorsqu'ils étaient au plus près du sol. Comme la roue bouge et que c'est quand même haut, c'était un peu dangereux, maintenant que j'y pense !"
"540beb1512d51d3c0e89274d803f9564",Hyur Male Child 3 & 6,"D'abord, la quincaillerie de Rral Soj. On y fabrique toutes sortes d'ustensiles du quotidien. J'ai cru comprendre que sa patronne était à la recherche d'une personne sachant travailler les métaux."
"16621476672255ce47bb87275b5b1ae5",Hyur Male Child 4,"Le thé maté contient assez de nutriments pour remplacer les légumes que nous ne pouvons cultiver ici. Au départ, seuls les Pelupelu en consommaient, mais ce breuvage est aujourd'hui populaire dans tout le Tural."
"852558edfb169fdf42fc0be876049b36",Hyur Male Child 5,"Mais les auralithes souffraient d'un important défaut de conception... Rapidement, les héros ont été dévorés par la puissance des Primordiaux qu'ils avaient piégés. Ils se sont transformés en démons et se sont mis à ingurgiter des quantités phénoménales d'éther. Une lutte désespérée contre l'inévitable s'est alors engagée..."
"11a78fd360a17e851a6dbbf5f3018773",Hyur Midlander Female 1,Vous êtes arrivés tous ensemble à Radiata sans autre incident sur le chemin. Encore un effort et vous serez à Ala Mhigo !
"91bd57bac14348fdce2caa9fd6bd3bb3",Hyur Midlander Female 2,"Le Masque blanc que vous avez vu jusqu'à présent, c'était moi ! Grâce à ma sœur, j'étais au courant de tous vos faits et gestes. Je n'ai eu aucun mal à prévoir vos actions et à vous devancer !"
"1a6d278bc5121b04e254f565437e59ca",Hyur Midlander Female 3,"Puisque nous sommes deux, nous pourrions en profiter pour en ramener encore davantage ! Je suis certaine que Chessamile sera ravie."
c11e72971732fa94a9c7df8d4eb87dc1,Hyur Midlander Female 4,"Chose promise, chose due, vous pouvez utiliser nos équipements comme bon vous semble !"
fc8e25944ee2a5923e67788010275c0f,Hyur Midlander Female 5,"Désolée de vous avoir causé autant de souci. Lorsque j'ai compris que j'étais suivie, j'ai essayé de me cacher dans la foule mais ces bandits ont des yeux partout !"
e9458af5d365ff15e77f47dc0a2f2977,Hyur Midlander Male 1,Il y en a deux types : les contrats de chasse et ceux d'élite. Ces derniers concernent des ennemis bien plus dangereux.
bf0d647781ea3a42ff36732d87a8d8e8,Hyur Midlander Male 2,"Voyez-vous, je suis un incorrigible amateur de vin, que je consomme toutefois avec la plus grande des modérations. J'ai déjà dégusté tous les grands crus qu'on peut trouver à Kugane, mais j'ai entendu dire que les meilleures bouteilles se trouvaient en Éorzéa."
f29f5f56c0dec63ad09856b52e10cc9d,Hyur Midlander Male 3,"Oui ! C'est exactement comme ça qu'elle me salue dans mes rêves ! ... Tu sais de qui je parle ? Mais non, c'est pas du tout une femme aux cheveux blonds !"
"83405bbb7595a722002596e1b35f5173",Hyur Midlander Male 4,"Et donc, nous avons réalisé que ce n'était pas nécessaire. Ces mines sous O'Ghomoro sont comme une fichue ville kobolde, et nous nous sommes dit qu'elles devaient avoir leur propre réseau d'éthérites comme toutes les cités."
"39e924c26dff2682e1ad473fa1dc3e17",Hyur Midlander Male 5,"L'eau à ma droite a déjà tiédi, et ce serait un outrage de la réchauffer. Vous devrez la remplir à nouveau aux sources thermales de Bokaisen, en haut des escaliers à l'ouest du quartier de Rakuza. Apportez-la ensuite au garde qui vous attend devant le consulat de Garlemald."
b830aad1e3b31d8535d808efeb251fd2,Hyur Midlander Male 6,Voilà pourquoi j'ai besoin que vous gagniez en puissance. J'ai justement préparé un exercice à cet effet.
"68667257db06e88aee469e2a79bdbd4b",Ifrit,"Rejoignez Nos disciples, priez-Nous, implorez-Nous ! Que vos prières et vos cris d'effroi alimentent Notre flamme destructrice ! Devant le Seigneur des flammes Ifrit, inclinez-vous !"
cac855e570b41e69cab36d885e81cf52,Ilberd,"Ce n'est pas tout. Quand Raubahn s'éloigne d'Ul'dah pour exercer ses fonctions à l'étranger, c'est normalement à Roaille que revient la responsabilité de commander les Immortels à sa place."
cd927beff213a9952ca82895216a9004,Isse,"Ils nous ont roués de coups pendant des heures, alors que nous implorions leur pitié... Ils nous ont forcés à dire que nos parents étaient des traîtres, et que ce qui arrivait à Namai était de leur faute."
"61a8112e09e56aee798f2fd013f7f7a7",Ixal,"Ce n'était pas un travail facile, mais celui-là s'en est sorti avec brio. Celui-ci a eu raison de lui accorder sa confiance !"
"236d7c53d3ee936b3add6805da9acc3f",Jullus,"Le général Quintus s'est empressé d'envoyer un message à la 10e légion, en qui il a confiance. Il lui a ordonné de grossir ses rangs en intégrant les troupes en poste dans les provinces et de venir ensuite ici en renfort pour écraser les Télophores."
"5514215672b12084492cb29f87d3494e",Kan-E-Senna,"Et si Sharlayan recelait un mystère inavoué ? Le dévoiler nous permettrait peut-être d'obtenir son soutien, mais d'ici à ce que cet avenir hypothétique devienne réalité, nous ferions mieux d'accepter l'âpre vérité au plus vite."
d09d5e9fafebd234e0c81fcb9c0b47af,Khloe Aliapoh,"On dirait que vous n'avez pas accumulé assez d'anecdotes... Il m'en faut neuf différentes pour composer une belle histoirrre, sinon je ne pourrai pas vous récompenser ! Il faut bien que j'y trouve mon compte aussi, après tout !"
f77bbe5133916a66bc7a20e43dcfcc80,Koana,"Toutefois, je ne crois pas qu'il soit très avisé de se séparer en petits groupes pour arpenter les plaines à la recherche du monstre. Attendons d'obtenir des informations fiables des éclaireurs, ainsi nous saurons où diriger nos efforts."
"56f412c735e6582b84a27ab47a2fc7d1",Kobold,"Je suis sûr que c'est un des golems qui défendaient autrefois la cité de Mhach, oui, sûr et certain. J'ai déjà vu ces golems en images, oui, dans les livres de mon aïeul Da Gu."
"2eea7a4f07e5a3892af03639b4c8d724",Kojin,"Vous les appelez donc étoiles filantes de mer, n'est-ce paaaas ? On doit encore pouvoir en trouver du côté d'Okinoiwa, à mon aviiiis."
"8df55caa08fb9eba22e202349bd57622",Krile,"Nous allons devoir affronter non seulement Glasya-Labolas lui-même, mais également les monstres qui l'accompagnent. Je ne pense pas qu'ils approcheront à la même vitesse que le train en marche, mais ils pourraient arriver par vagues."
a7527cc15425af2117bdbdd70f250b65,Lahabrea,"Ton air entendu me confirme que les auralithes subsistent à cette époque... Malheureusement, Athéna n'a jamais daigné me révéler où elle avait trouvé la sienne ; mais il est effectivement possible qu'elle l'ait reçue d'un être venu d'ailleurs."
"033144e122ca5d44fe6fc47612a4300b",Lalafell Dunesfolk Female 1,"Pour être honnête, le gros de notre budget passe dans les appareils de recherche et l'achat de reliques, donc il ne reste pas grand-chose pour financer de nouveaux vêtements."
"91c08ec31b2dca5a044552fdd0436fb4",Lalafell Dunesfolk Female 2,"Leurs gages sont entièrement pris en charge par la guilde des aventuriers, autrement dit leurs services ne vous coûteront pas un gil."
"97945246474dddac25b3182db995eca6",Lalafell Dunesfolk Female 3,"Dois-je vous apprendre que les Larmes d'argent avaient autrefois été offertes à la sultane Nanasha Ul Nasha par un preux paladin de nos contrées qui avait bravé mille dangers pour pouvoir les lui apporter ? Il a même réussi à vaincre un monstre dix fois plus grand que lui ! Ces joyaux sont la propriété d'Ul'dah, et vos histoires de code d'honneur de pirates bouseux ne me concernent pas le moins du monde !"
"8bb70b8164642e04c761e76f5bb8f4e9",Lalafell Dunesfolk Female 4,"Grands Dieux ! Ce que vous me racontez me fend le cœur... Qu'à cela ne tienne ! Aux grands maux, les grands remèdes ! Je vais leur faire livrer tous les ingrédients que nous avions commandés pour le service de demain !"
"39e4051af1e78ec2f2074379d039e086",Lalafell Dunesfolk Female 5,"Leur comportement est, de base, erratique vu qu'ils n'ont aucune consigne inhérente à suivre. Par ailleurs, ils sont en théorie immunisés contre l'influence de la comète... sauf si leur cœur contient une gemme magique. C'est de ce risque que nous devons tenir compte."
f963e0550ef5aba14f93b8ca08f03b78,Lalafell Dunesfolk Female 6,"Eh bien oui, je pense tout particulièrement à une variété de popoto jadis cultivée sur l'île de Vylbrand, la ""Belle de Noscea"". Sa chair était très douce mais non moins robuste, ce qui en faisait la popoto idéale pour les ragoûts."
"43198389f356bf6a45b5feba0901365d",Lalafell Dunesfolk Male 1,"Par conséquent, c'est moi qui te contacterai directement pour tout ce qui touche à notre affaire."
"2e89ff523b31d27631e1a3949cf0db8e",Lalafell Dunesfolk Male 2,"Elle est aux côtés de ce détective... Sauf que lui est dans le coma, allez savoir pourquoi. Pendant qu'il roupille, Nashu s'emploie nuit et jour à lui préparer des remèdes."
"535f575a1af77a4c56080689af66e521",Lalafell Dunesfolk Male 3,"Si vous n'avez rien d'autre à me demander, je vous prie de bien vouloir m'excuser. Je vais immédiatement me rendre dans une salle de vente aux enchères pour... faire goûter ce breuvage exceptionnel à tous mes amis qui y travaillent, bien sûr !"
d682dac5e25b53c345c23e9f02de07ab,Lalafell Dunesfolk Male 4,"Vous savez, ça fait un bout de temps que je vous regarde vous démener tous les deux. Toute cette énergie que vous déployez... je sais pas si on peut appeler ça de la fougue... mais ça m'a donné envie de vous rejoindre, en tout cas."
"484a889c12ef4fe9c8a7c5a76f689269",Lalafell Dunesfolk Male 5,"Avant d'arriver à Limsa Lominsa, mon maître m'a dit être pris d'une soudaine envie de viande. Je suppose que si vous lui serviez du raptor fumé, il en serait fort aise. Notez bien qu'un homme de son statut exige la meilleure qualité qui soit. "
"10969614e4951f023e4b46fbba092a51",Lalafell Dunesfolk Male 6,"Devant une telle détermination, le marchand changea d'approche. Il prétexta avoir besoin d'aide pour un ami afin de piéger le samouraï, le faire crouler sous les dettes et lui extorquer l'arme en échange."
df94c14887939492be84e5259423983c,Lalafell Plainsfolk Female 1,"Vous voulez bien m'aider à retrouver les casse-croûtes manquants, dites ? Ça serait vraiment chic de votre part."
b968808d8268ccbced84ecba41cafaf8,Lalafell Plainsfolk Female 2,"Je ressens évidemment une certaine appréhension à manipuler un tel artefact ; mais d'un autre côté, je ne peux nier la curiosité qu'il m'inspire... Raison pour laquelle je vais prendre mon courage à deux mains, et servir la science dans la joie et la bonne humeur !"
"85e6ce77608d7b802e0e8e4d87de8ba5",Lalafell Plainsfolk Female 3,"Depuis, ""môôôsieur"" a pris le melon ! Il rejette les clients qui ne lui reviennent pas, il quitte sa cuisine à la moindre contrariété... Moi, j'en ai plus que marre de ses caprices de diva !"
ad8b33aa2db230f5c7c6e996bfad8e5e,Lalafell Plainsfolk Female 4,"D'après mes informations les plus récentes, on l'a aperçue près de Costa del Sol, dans la Noscea orientale. Retrouvons-nous là-bas, je suis sûre que ça en vaudra la peine !"
"5d9e26cad166ccf2989e7775d3f73813",Lalafell Plainsfolk Female 5,"Ce sont des missions émises par la guilde des aventuriers, d'une dimension supérieure aux mandats classiques."
"3d9ff1af8c07bef3d9b46fb606994521",Lalafell Plainsfolk Female 6,"Tester ce remède pour la lèpre du tomberry serait l'opportunité idéale de me rendre utile. De plus, j'ai été parmi les derniers à être infecté. Mon état est donc moins avancé que les autres, ce qui accroît les chances de réussite."
ca4d388809c352413467ddc14b9b6368,Lalafell Plainsfolk Male 1,"J'avais entendu dire qu'elle avait rejoint cette organisation appelée ""les Héritiers de la Septième Aube"". Toi aussi, t'es lié à eux, pas vrai ? Tu ne saurais pas où je pourrais la trouver ?"
d3f35e502b3aee4e1017512f250a5bef,Lalafell Plainsfolk Male 2,"Apparemment, la roche qui les retenait prisonniers a été arrachée de son emplacement, et c'est comme ça qu'ils ont été libérés... Comme vous vous en doutez, les travaux ne peuvent pas avancer tant que ces géants sèment la terreur dans la mine !"
b6169dcd0be5e0765d0185f7834e103e,Lalafell Plainsfolk Male 3,"Les combattants atteints de psychodiabrose ont ainsi été mis à la retraite, placés dans des appareils spéciaux qui les maintiennent en état de stase à basse température, en attendant l'arrivée d'un sauveur potentiel. Si Eutrope a été kidnappée, c'est aussi pour cette raison."
"00af185f0ef6cb18511e408b8a0a6f8f",Lalafell Plainsfolk Male 4,"Il nous faut particulièrement de très grosses pièces pour un vaisseau de la taille du Victoire, que nous sommes en train d'assembler."
"7459440632656f3ca14e6581b4503eaf",Lalafell Plainsfolk Male 5,"Mais plus que cela, nous nous voulons un véritable pont entre les hommes-bêtes et les êtres humains, voyez-vous ? Nous essayons de ne pas prendre parti d'un côté ou de l'autre... notre but est simplement de proposer un service honnête en tant qu'intermédiaire. Et bien sûr, ce service se monnaye pour une ""légère"" commission."
"98f46b06a6cce042b5749357a0534cfc",Lalafell Plainsfolk Male 6,"Votre escouade devra travailler dur si elle espère un jour accomplir des missions hautement périlleuses. ""Sans travail, point de salut."" C'est ce que me répétait sans cesse mon officier supérieur..."
"71d2f8268b237ef511b08eda48b01daa",Livia sas Junius,"C'est ça, l'instinct dont je t'ai parlé lors de notre première rencontre. Hermin, par exemple, n'a pas réussi à trouver son avatar, même si je lui ai confié pendant trois jours le cristal qui est maintenant le tien."
"3ad53a5687e5756dd072f2edcf1aba23",Llymlaen,"Tu es gonflé, Thaliak ! Ne me dis pas que tu n'attendais pas ce moment avec impatience, toi aussi !"
e87c3741a87cdfd49dfbe18df7ad1977,Lolorito,"J'ai été étonné de découvrir à quel point sa haine pour vous est sans retenue, Général. Il répétait sans cesse que vous n'étiez qu'un petit chien au service de sa maîtresse Nanamo, que vous aviez trahi votre patrie, j'en passe et des meilleures."
e4503d232b41d36c124ccaface6d1030,Loporrit,Il faut nous comprendre ! On attendait ce moment depuis si longtemps... Mais je vous promets qu'on va tout faire pour apprendre de notre nouveau super-professeur Urianger !
"99581d7301a343424f9fc321de1265b1",Lucia,"Messire _NAME_, j'aimerais que vous vous dirigiez vers les appartements de l'Archevêque accompagné de messire Leveilleur et de sire Haurchefant."
"487a59e7f28f5654f6c93f21ab9bdd7c",Lyna,"S'il y a des habitants qui ont besoin d'être rassurés que votre projet ne menace pas leur mode de vie, c'est bien eux."
d646570afcfe85b8208a9025366c35d0,Lyse,"C'était passionnant, jusqu'à ce qu'une grand-mère insiste pour m'enseigner la manière correcte de tenir des baguettes... Ce qui est sûr, c'est que les Domiens ont une véritable obsession pour les règles de savoir-vivre. Et toi, qu'as-tu appris d'intéressant ?"
"333eeb1f6dbe60e2c64765db457187a8",Magnai,"C'est une compétition qui permet d'établir une hiérarchie des pratiquants d'Azim bukh, notre lutte locale, et de prouver notre force au Père de l'Aube."
"8369b3374ff562da2e04c18df077636d",Mamool Ja Female,"D'après notre ami soldat d'Ala Ghiri, la Dernière forêt semble être l'endroit parfait pour en récolter. Il arrive que l'odeur attire les créatures sauvages, donc soyez prudent !"
"00ba1e6aab50b979182bb2a3eb49dc23",Mamool Ja Male,"Avec le peu de Mamool Ja qui s'aventurent au-delà des mers, tu ne devrais avoir aucun mal à retrouver Ceetol Ja une fois sur place. Tu verras, elle est absolument adorable, ja !"
ac7f96eaa0f7fe560e6122e3ae5832e7,Mappingway,"C-comment, les réparations ? Bien sûr que ça avance, ça ne se voit pas ? Par contre, avec le soutien approprié, inutile de vous dire qu'on aurait fini à la vitesse de la lumière, héhé..."
"0c55c19ca6f80cd04ec40b6589412a99",Matanga Female,"La cuisine, c'est fatigant et ça prend du temps, alors j'ai décidé de me sustenter avec du miel pendant mes heures de travail. Mais comment je fais s'il n'y en a plus ? Si j'ai pas ma dose de sucre au plus vite, je vais m'écrouler sur place !"
efc1ed3950e0716e3fd2a8cb293a2ba2,Matanga Male,"J'ai installé des sacs de poudre de trois couleurs différentes, pour que tu puisses en lancer sur les personnes appropriées. N'oublie pas : la rouge pour les combattants, la bleue pour les angoissés et la jaune pour ceux qui sont dans le besoin. À toi de jouer !"
c7e3813e12ec9f55838066c10d3d10ac,Matoya,"Ne tirer aucune leçon de ses expériences est certainement la marque des imbéciles, mais rester agrippé au passé l'est tout autant. Pour une fois, le blanc-bec qui fait office de petit-fils de Louisoix est un bon exemple de la conduite qu'il faut adopter."
ceb088d8491b560dc46e2e8219ab16a5,Matsya,"Très bien ! Tout a commencé il y a quelques jours, lorsque je suis tombé sur cet oiseau, échoué sur la plage. Avec l'aide de Pasasun, nous avons réussi à le soigner et quand il a ouvert les yeux, il s'est mis à parler dans notre langue, nous demandant de partir pour ""l'île du sud""..."
"69298eae4316780df3026122c44db6c7",Maxima,"J'aurais aimé vous offrir un plus grand confort, mais hélas, notre navire n'a pas été pensé pour permettre à ses passagers d'admirer les paysages... Nous sommes au-dessus de l'extrémité occidentale du continent d'Othard, une vaste terre désolée à laquelle on a donné le nom de ""L'Escarre""."
b7ce506cc48ad49950f436a2729f9f63,Meffrid,"Aventurier, j'ai besoin de ton aide. Je sais qu'on vient juste de se rencontrer, mais c'est une question de vie ou de mort. Les villageois se fichent des Mhigois, mais peut-être qu'ils écouteront Albreda. Dis-lui qu'elle doit les convaincre de nous aider, je t'en prie !"
f04b6dd735cf8aa74c75ec02be1d2b8d,Merlwyb,"Nous avons d'abord rétabli les grandes compagnies, puis avons ensuite remis à flot l'Alliance éorzéenne."
b375842d92bd1cd577870a683b40cbcf,Meteion,Tu as sûrement l'impression que je parle dans ta tête ; c'est parce que tous les êtres doués de langage ont le réflexe de retranscrire inconsciemment les émotions en mots. Mais ce n'est pas tout à fait de la télépathie.
"208d1cd017b0e0f789a56932c266caf6",Midgardsormr,Peut-on vraiment dire que cette entité est encore celle de ton frère Nidhogg ? Ne s'agit-il pas plutôt d'une incarnation de sa haine ? Je te demande de bien réfléchir aux conséquences avant de prendre ta décision.
"27b530ea14627b714373e6332c27d943",Minfilia,"Tous les Héritiers sont tellement occupés en ce moment... Je sais bien que j'allais te proposer de prendre des vacances, mais Hoary Boulder semble vraiment avoir besoin de ton aide. Te sens-tu d'attaque pour l'aider à remplir sa mission ?"
e95268d74c982122b8e10ad71dc4f513,Miqo'te Female Child 2,"Mais le dernier monstre a dû partir très trrrès loin, et ils l'ont sans doute suivi, parce qu'ils ne sont toujours pas rentrés. J'étais un peu triste, parce qu'ils m'avaient laissée toute seule, mais j'ai rencontré Zhloe et ça va mieux depuis."
a333dea97371e81232ea74c3a33d2913,Miqo'te Female Child 3 & 4,"Bref, je vous ai demandé de venir ici pour qu'on puisse discuter tranquillement, mais..."
"2e31c4edf7e1b3a24c948cd5560a9637",Miqo'te Keeper of the Moon Female 1,"Toutefois, étant donné son talent, je n'ai pas l'intention de le faire exclure. Je n'en ai pas le pouvoir, en vérité. Maintenant que j'y pense, j'aimerais que tu ailles le voir et écoutes ce qu'il a à dire."
"72e2fb8f3b338627373ca65c8ede01fd",Miqo'te Keeper of the Moon Female 2,"Maintenant que j'ai les moyens de louer la salle sous cet établissement, j'ai enfin pu rrréaliser mon rêve et me mettre à gérer un orphelinat ! Si on vous demande, c'est le Foyer de Menphina."
df50b62556053f555fa190bfc4cac261,Miqo'te Keeper of the Moon Female 3,"Il s'agit de l'unique xénobiologiste de Sharlayan. Et pour cause, ses opinions ne font pas l'unanimité, elle s'est fait évincer de son département pour ses recherches sur la vie extraterrestre. Elle nous demande des échantillons biologiques provenant de la lune pour prrrouver ses théories."
e5f2745bca5611778eebb633d80bef65,Miqo'te Keeper of the Moon Female 4,"Pour cela, il nous faut remonter à la fin de la 3e ère astrale, lorsque l'empire allagois était à son apogée. Les scientifiques lancèrent la construction d'un laboratoire de rrrecherche avancé dans les entrailles de la Tour de Cristal."
"00c06a34d694d8efbf5a3275c79ed7cc",Miqo'te Keeper of the Moon Female 5,"J'y pense ! J'ai aperçu un marchand ambulant uldien partirrr en direction du sud tout à l'heure. J'aimerais beaucoup voir ses produits, mais le lieutenant refuse que je m'éloigne du camp... Pourriez-vous le rattraper et m'acheter un petit quelque chose de son pays ? Je vous dédommagerai, bien sûrrr !"
ced3aa84fe71b992ddc510d084f9a513,Miqo'te Keeper of the Moon Female 6,"Je suis vrrraiment désolée... J'étais tellement pressée de faire mes preuves que je me suis un peu emportée. Comprenez-moi, c'est sûrement ma dernière chance de me racheter aux yeux de Beatin !"
"6658af70c8f978f330d508fd16bc3693",Miqo'te Keeper of the Moon Male 1,"Bon, j'ai pas que ça à fairrre. À plus tard !"
"708655d670e52d408ff46b5d84c8378b",Miqo'te Keeper of the Moon Male 2 & 6,"Hum, je ne pense pas que nous la trouverons ici. Elle m'a dit qu'elle avait un exercice pratique aujourd'hui, donc elle est peut-être dans l'aile des Fabricateurs. Si jamais elle n'y est pas, nous pourrons toujours demander aux autres étudiants !"
cfdffb53fd6d1a04a72397927afc1c90,Miqo'te Keeper of the Moon Male 3,"Apparemment, ces balles sont capables de dépouiller ceux qu'elles frappent de leur raison et de les mettre dans un état de rage inextinguible. Une seule, et même cette noble race qui se targue de son intellect et de sa longévité devient un vulgaire animal enragé. Joli joujou, tu ne trrrouves pas ?"
b425a4dc06b6c53875e0f2036a8f6078,Miqo'te Keeper of the Moon Male 4,"Je ne vous reconnais qu'un seul mérite : vous parrrvenez à dialoguer avec les tribus d'hommes-bêtes. J'accepte de partager mes découverrrtes avec vous, mais seulement si vous en faites de même. Je préfère cependant vous prévenir, vous n'avez pas intérêt à me faire obstacle."
"3cacfbb5097dcb97a14d29fccd5955ab",Miqo'te Keeper of the Moon Male 5,"Je dis ""il"", car l'auteur de ce courrier n'est autre que mon vieux complice. Il y a quelques jours, voulant imprrressionner le professeur, le bougre a préparé une potion alchimique. Il s'est rendu compte en l'utilisant qu'elle était trop puissante, mais le mal était fait : le jardin du professeur a fini à moitié détruit."
"83c1415916f456cc04592f8388de87f2",Miqo'te Seeker of the Sun Female 1,"Le grrroupe d'aventuriers que tu vois là a tenté de reprendre les lieux, mais ils ont vite pris leurs jambes à leur cou. Ce n'était pas très glorieux, mais au moins nous savons que les occupants de la grotte ne sont pas à prendre à la légère."
"0ca0e0e2fc6386e8300de4363c3a3f19",Miqo'te Seeker of the Sun Female 2,"Oh, si jamais vous aperrrcevez ces types, essayez donc d'en apprendre plus sur leur compte. Mais ne tentez rien d'imprrrudent quand même."
e07213e787097aa6debeaaa2c1967db9,Miqo'te Seeker of the Sun Female 3,"Vous verrez, c'est au square des duellistes que se jouent les batailles les plus haletantes ! Ne vous en faites pas, nous vous expliquerons les règles en détail... Et si vous hésitez encore à nous rejoindre, sachez que nous offrons un lot de cartes à tous les nouveaux parrrticipants !"
c81ab63ab804291516f12e1b77f17e1a,Miqo'te Seeker of the Sun Female 4,"Je me prrrésente, mon nom est W'bulea. J'ai infiltrrré depuis quelques semaines une des bandes de voleurs qui sévissent dans ce quartier pour les surveiller, et c'est par hasard que j'ai eu vent de leur intention de commettre des cambriolages en utilisant ces potions."
b221d15d76806383e825f1f1ce5bd48e,Miqo'te Seeker of the Sun Female 5,"Toujours est-il que je te remerrrcie au nom du Maelstrom. Tu mérites bien un peu de repos... et si je puis me permettre, un bon bain ? Je sens une légère odeur de poisson pourri..."
"4e47336fcd431219dd58f3878b7208c4",Miqo'te Seeker of the Sun Female 6,"Vous verrez, c'est au square des duellistes que se jouent les batailles les plus haletantes ! Ne vous en faites pas, nous vous expliquerons les règles en détail... Et si vous hésitez encore à nous rejoindre, sachez que nous offrons un lot de cartes à tous les nouveaux parrrticipants !"
"4d30c4c741933291014c5cc16bcf11fd",Miqo'te Seeker of the Sun Male 1,"_NAME_, je tenais à vous remercier encore. Grâce à vos efforrrts, le nouveau spectacle va faire un tabac, j'en suis persuadé !"
"523924390565aa55dcb7db5d811dab10",Miqo'te Seeker of the Sun Male 2,"Je suis officiellement devenu maire de Cherpant. Un maire qui passe ses journées à rendre visite aux hameaux voisins, et qui est sur les rrrotules..."
f687f1cdb0e4c6cc127a40250ab2abdb,Miqo'te Seeker of the Sun Male 3,"La chasse, c'est pas seulement capturer ce qui nous chante et revendre nos prises. Il existe un équilibre naturel dans la forêt, et c'est aussi notre travail de le préserver ! Si tu comprends pas ça, tu vaux pas mieux que les braconniers !"
"133361a83c52e50aa5bb9a0d5c43c5c9",Miqo'te Seeker of the Sun Male 4,"_NAME_, tu te souviens de cette théorie sur le comportement des quatre apôtres ? Si Andreia reproduit le périple qui a mené Renda-Rae d'Amh Araeng à Kholusia, ça veut dire que sa prrrochaine destination sera..."
ad26462b5266b08d89bd8a675f956db2,Miqo'te Seeker of the Sun Male 5,"Tu veux des conseils pour trouver un verrr des sables géants ? Hmm, je ne suis pas aussi doué pour la chasse que cet idiot d'U'tykha, mais je peux tout de même te dire que cette créature est sensible aux vibrations. Si tu marches près de son nid, elle devrait se jeter sur toi."
"415c813ef57f8a25545f15e875b5559b",Miqo'te Seeker of the Sun Male 6,"Pour compenser cette contrainte que nous nous imposons, les précurseurs de notre art ont eu la brillante idée d'adjoindre à leurs incantations des techniques d'escrime spéciales, qui transforment le corps entier en un catalyseur pour notre énergie magique intrinsèque."
b0161a8a787d48a681b935871bbf953c,M'naago,"Je vais passer par le sud. Alisaie, tu vas prendre le flanc nord. Quant à toi, _NAME_, continue tout droit. Une fois tous les ennemis neutrrralisés, retrouvons-nous près de la rivière, à l'ouest d'ici."
"2e2997bd2771c43e69bee3a3e727e214",Moenbryda,"À vrai dire, toutes ces explications m'épuisent. Je préfère plutôt passer à la pratique. Il se trouve que j'ai déjà fabriqué un extracteur d'éther spécialement pour ça, et j'ai bien l'intention de l'essayer."
e5631c7bc17158b5b86abe45edffff07,Moogle,"J'ai essayé de faire comprendre aux Vassaux du Roi le danger de leurs actions, mais ils m'ont simplement répondu que le bon roi Moggle Mog 12 était exactement le sauveur dont nous avions besoin, kupo !"
"46c42c70cb64f74196049ce92014d7d8",Nabriales,"La Lumière n'exerce plus aucun pouvoir ici. Je reviendrai encore et encore jusqu'à ce que cette relique soit mienne ! À très bientôt, Héritiers de la Septième Aube..."
d399bbb74aaa4c2d39f2c7989ce36937,Nald'thal,"C'est ce que tu dis, Azeyma... Tu semblais pourtant ravie de les affronter. Rassure-moi, tu n'as pas oublié le but premier de cette épreuve ?"
"388bc2a29c0f239ff0dfa3377c4d1967",Namazu,"Il a forcément dû lui arriver quelque chose de grave, car il n'abandonnerait jamais un objet aussi précieux. Nous autres Namazu les chérissons comme les humains chérissent leurs bébés !"
"2287c1197132739f3c43ad51ba324ecc",Nanamo Ul Namo,"Ce triste spectacle nous a fait comprendre le peu d'effet qu'avaient eu nos décisions. C'est notre indolence qui a en partie causé toute cette peine, et ce n'est pas la première fois que nous nous montrons inefficace. C'est cette même attitude qui nous avait fait fermer les yeux sur les actes de Teledji Adeledji, vous causant par la même occasion de nombreux tracas."
"08ea4d6ebe251ae6b35f04610d3d5888",Narrator,"Certains de ces endroits ne vous seront peut-être pas accessibles, si vous n'avez pas encore beaucoup vagabondé en Orient. Toutefois, je ne me fais pas de souci, vous découvrirez bien un moyen de vous y rendre au cours de vos futures aventures."
c27297e8a94ddb3cc07e95c7d45ebb78,Nashu Mhakaracca,"Vous êtes ici pour me prrrotéger ? Je suis tellement contente ! Depuis le départ de monsieur Hildibrand, je n'ai cessé de cheminer vers l'est pour tenter de le retrrrouver, sans succès..."
"16174145baaa58cf0636615cba453f9b",Nero,"Tiens, voici un ""pinceau chocobo"" flambant neuf. Je te passe les détails techniques, mais il te permettra de t'inspirer des particularités de ton adversaire pour peindre et interagir avec l'espace dans lequel tu te trouveras."
"3379dfad7ad137534f87c936c4d30ef0",Nidhana,"Cependant, si vous souhaitez utiliser un atomos pour l'agrandir, il serait plus pratique que je voie la chose de mes propres yeux avant tout. C'est une opération très dangereuse alors vous savez ce qu'on dit : ""Prudence est mère de sûreté !"""
d5ea159ea13e0d37c11050cb6950a348,Nu Mou,"Ah, _NAME_ ! Je vous attendais. Pour récolter du nectar, montez sur un de mes porxies, rendez-vous près du lac Beaumiroir et faites-le inspirer près de fleurs épanouies. Retournez voir Uin Nee quand vous aurez terminé !"
"3efd47b05a4bd0dfa999d47e52aba808",Omega,"Mais la réponse est affirmative. Mon pouvoir de création me sert principalement à renforcer ma structure ou à étendre mon armement. Mes sujets de test ont la même finalité, donc je ne vois pas où est le problème."
db33d7b0eb37e4331683b33ce66a42de,Omicron,"Cependant, notre petite boule de poils en a formellement interdit la production. Il affirme qu'il est nécessaire d'utiliser des pesticides organiques mis au point grâce aux matériaux trouvés sur la planète. Bip... Efficacité de cette méthode : nulle."
"4eff87c7869ab8edb866b9290bad3818",Oschon,"Mais il s'avère que nos craintes étaient injustifiées. Vous avez entendu notre appel, ressenti nos émotions et pensé par vous-mêmes à la réponse adéquate."
deb57c6a1e2f014a94bbbbbcdc427754,Otis,"Par bonheur, nous parvînmes à protéger la princesse jusqu'au bout. Elle devint la plus douce des reines, adorée par son peuple. La reconstruction d'Alexandrie fut entamée sous son règne avec le concours de réfugiés, anciennement nos ennemis, qu'elle accueillit pourtant à bras ouverts."
"79bdcf1b5d68d8ae5cd646d5681ea526",Papalymo,"D'un autre côté, il me semble difficile de poursuivre notre action sans le soutien financier de l'une des grandes nations éorzéennes. Comme le Refuge des sables se trouve en territoire uldien, ce serait peut-être un choix judicieux de se rattacher à cette cité-État... C'est un sacré dilemme..."
f68798022de492c99e9e4e882c2374b2,Pipin,"Nous devons certes rester vigilants, mais je ne crois pas qu'il y ait là de quoi s'alarmer. Au contraire, c'est l'occasion rêvée pour l'Alliance éorzéenne et l'armée de libération mhigoise de combattre ensemble."
d55db2226e52da99a53a388b4352f0a5,Pixie,"J'ai appris que ces drôles de créatures faisaient pousser des fleurs parfumées sur leur corps pour attirer des insectes et les manger... Finalement, elles sont pas si mignonnes que je le pensais !"
"946c2d59197363032e5d99fd7a232f25",Prishe,"Ici, c'est l'hôtel des ventes. Les aventuriers s'y retrouvent pour s'acheter et se vendre mutuellement des objets."
"490d14b850f40bde0d6121c3b288ff27",Qiqirn,"Qitarl Natl partir avec fils pour chercher stèle cachée dans ancienne grotte. Mais forêt être remplie de monstres, Qitari pas pouuuvoir aller loin..."
c331bfc138df5b8fbf9d69bda60cbe00,Ran'jit,"Je ne pourrai malheureusement pas accompagner le seigneur Hien pour combattre à ses côtés en Occident. Ma place est ici, à la tête des guerriers qui protégeront Doma en cas d'invasion."
"0af770f51e46790bf4abcd97bdd13fe1",Rasho,"Nous pourrions lancer un assaut de grande envergure, mais notre absence se ferait vite remarquer. En revanche, tu n'attirerais pas l'attention en y allant tout seul... Et en action, tu vaux bien tout un bataillon !"
"79d5b2eda1953ffa5b58b723ff411cfa",Raubahn,"Je ne veux pas te mettre inutilement la pression, mais l'avenir d'Éorzéa dépend de ta réussite, et je souhaite te voir revenir vivant. Ne prends pas de risques inutiles, d'accord ?"
"0b38710f39d2194ee7702c9e374373df",Rhalgr,"Notre petit numéro était mémorable. Surtout toi, Byregot, tu étais parfait dans le rôle de la brute méchante !"
"65a24a2e11eb140f0566ca2f99c1e438",Robot Female,La prêtresse qui mena leur fuite vers un nouvel habitat ainsi que la relique ancestrale qu'elle utilisa à cette occasion sont vénérées dans ce sanctuaire. C'est aussi ici que les Milalla prièrent dans l'espoir de rentrer chez eux un jour !
"2eed6d901c986eb4720096d07099eadc",Robot Male,"Un instant, je vous prie... Accès au stock... Erreur ! Il semblerait que vous ayez déjà tous les matériaux nécessaires en votre possession !"
"59c597e3a32673648dc8f035e4318cda",Roegadyn Hellsguard Female 1,"Mais il en voulait toujours plus, et il a fini par s'en prendre directement aux hommes. Sa peau flasque et molle le rend invulnérable à la plupart des lances ou épées."
"985a39384412ba8be55adf8476803e59",Roegadyn Hellsguard Female 2,"Je me demandais justement si vous aviez déjà fait la rencontre de Zhloe Aliapoh. C'est une jeune fille qui travaillait à la maison des splendeurs de Rowena avant, mais qui a décidé de monter son propre commerce."
"4fd3178c7d527642babb7d91bd4cd871",Roegadyn Hellsguard Female 3,"Le hic c'est qu'un certain aventurier dont je tairai le nom a laissé la porte grande ouverte après avoir pénétré dans la section interdite. Maintenant, à cause de lui, ça grouille de sentinelles et de monstres en tout genre là-dedans."
"8ce22726b4eb23d0695fbe74459df6b3",Roegadyn Hellsguard Female 4,Leur lueur étrange fait également d'elles des joyaux prisés. On trouve toujours des marchands prêts à les acheter à bon prix.
"15518ede41e2da9712507e4d8c03ed44",Roegadyn Hellsguard Female 5,"Nous tirerons au sort un numéro de notre côté, et nous le comparerons avec le vôtre pour déterminer votre récompense. Plus vous aurez de chiffres en commun avec le nôtre, de la colonne des unités vers celle des milliers, plus la récompense sera grosse."
eaadbb07af5a4bf9d6d9be13fb5db699,Roegadyn Hellsguard Male 1,"Cela dissiperait grandement mes craintes si tu voulais bien aller à Sombrelinceul et essayer de retrouver sa trace. Parsemontret, le directeur du district commerçant de Gridania, me semble être la personne à qui s'adresser quand on cherche du sable éthéréen d'eau ou de vent."
"1365f10fa34fc91f1e958e0d723fe574",Roegadyn Hellsguard Male 2,"Les gens qui rejoignent nos rangs sont généralement des laissés-pour-compte ou des gens qui ont du mal à s'caser dans la société. Mais pour nous, c'qui importe, c'est qu'chacun fasse son possible pour aider l'groupe. L'esprit d'camaraderie, en quelque sorte."
"790d6504259671139619435ff226c528",Roegadyn Hellsguard Male 3,"Oooh, c'était la fameuse Avila, l'ex-championne du Colisée qu'on surnommait l'Ouragan ! Il paraît qu'elle tente de se racheter et de laver son image en se consacrant à des missions modestes. Enfin bref, je n'ai qu'une parole, alors voici l'objet. Je me débrouillerai pour en trouver une autre pour mon client !"
f83fa4468205d844db11635f79fee433,Roegadyn Hellsguard Male 4,J'ai relu les rapports de l'attaque de la caravane aux Os desséchés. Des cristaux ont bien été dérobés à cette occasion... tout comme aux mines de Nanawa.
"4a87da9dc1edea05983eb244acad8158",Roegadyn Hellsguard Male 5,"Je ne peux pas m'empêcher de m'inquiéter pour le fuselage du vaisseau, que j'ai mis au point... La vie de nombreuses personnes est en jeu, et si j'ai commis la moindre erreur de calcul..."
d418c2030933a43a710afe258edbf0f9,Roegadyn Sea Wolf Female 1,"Vous me trouvez glaciale ? Eh bien, je me fiche pas mal de ce que vous pensez. Je ne voulais pas d'une vie à pêcher du menu fretin et à inviter les marins de passage à rejoindre ma couche. Je n'ai aucune envie de lui répondre. Merci de votre aide et bonne journée !"
"120bf5c2ddef392608fa21d24ce3d020",Roegadyn Sea Wolf Female 2,"Leurs gages sont entièrement pris en charge par la guilde des aventuriers, autrement dit leurs services ne vous coûteront pas un gil."
"91f381ff42c474a95a94c8e89a60dc99",Roegadyn Sea Wolf Female 3,"Je suis désolé, mais les aventuriers peu habitués à monter des chocobos ne peuvent pas être autorisés à utiliser nos services. La rapidité à laquelle galopent nos bêtes rendrait le moindre incident potentiellement dramatique. Revenez donc me voir quand vous aurez acquis un peu plus d'expérience."
ceb0fe592480dda6b3a50665faa55d84,Roegadyn Sea Wolf Female 4,"Beaucoup l'ignorent mais la hache est à l'origine un outil utilisé par les charpentiers de marine. Comme les embarcations sont souvent chahutées par les vagues et les tempêtes, des réparateurs se joignaient toujours aux équipages lors des traversées."
"880bf43d5b2af557c25d39b1795285b0",Roegadyn Sea Wolf Female 5,"Son domaine possède des jardins spectaculaires, des merveilles horticoles qui sont entretenues avec grand soin par son maître jardinier."
"969fa68c44d4964adbea9efe9684df40",Roegadyn Sea Wolf Male 1,"J'ai du mal à imaginer ce qu'il a fait. Peu de capitaines accepteront de sombrer avec leur navire, et ceux qui sont plus intéressés par la loyauté que l'or risquent de finir avec la gorge tranchée... Je dois m'améliorer, n'est-ce pas ? Je dois prendre exemple sur Aerghaemr."
ee9e7e17eda5ffcf169113f9c2276c2b,Roegadyn Sea Wolf Male 2,"Si on montre aux gens qu'on est des vaillants combattants, y nous respecteront à nouveau ! Reste plus qu'à trouver un moyen..."
"566fb9d29975b9f710f9eb96c278a0a5",Roegadyn Sea Wolf Male 3,"Je sais que vous êtes quelqu'un de bien éduqué, mais au cas où vous vous sentiriez d'humeur taquine, ne faites surtout rien qui pourrait la rendre triste, d'accord ? Elle a l'air toute guillerette, mais c'est parce qu'elle cache bien ce qu'elle ressent... Bref, je compte sur vous !"
"275c68bc3dc63f820b046a4be5a0cd05",Roegadyn Sea Wolf Male 4,"_NAME_, c'est ça ? Je vous vois souvent passer par ici, mais vous m'ignorez à chaque fois... Vous avez bien fait de me parler aujourd'hui, car j'ai justement un tuyau qui va vous intéresser !"
"3f37e462e45c7e72ef8dd629d9134f34",Roegadyn Sea Wolf Male 5,"Après avoir collectionné des trésors un peu partout dans le monde, il serait allé voir les Nu Mou pour leur demander de réaliser son souhait le plus cher, mais aurait refusé le prix qu'ils lui en demandaient et se serait enfui."
af3b5c2708202abfb9328f11545b2945,Runar,Toddia était notre amie à tous. Et la Lumière n'aura jamais terni son véritable nom : Minnine... Prions pour elle...
"0bdff88bd7b01ad7810a4011d379ead9",Ryne,"Quant à Thancred, c'est lui qui est venu me libérer à Eulmore. J'ai vu en lui mon chevalier protecteur, mais il était plus que ça. Il m'a fait voyager, et c'est à lui que je dois ce que je suis aujourd'hui. Il m'a même donné mon nom !"
"51dd980d415fda84d07ce2c1334f5acb",Sadu,"Qu'est-ce que tu serais devenu si on n'avait pas été là pour te sauver, hein ? Pas besoin de nous remercier, tu l'as déjà fait un paquet de fois pour nous !"
fa8d42b7a93c481a4a431cb60f64eb78,Sahagin,"Comme les Koal comme moi sssont encore trop jeunes et pas en âge de recccevoir des œufs, j'ai pas d'autre choix que de dormir en hauteur. Au contraire, les Ooan sssont des adultes et peuvent ssse coucher à des endroits bas. Notre reine, les femelles et les mâles qui ont fait leurs preuves, ils ssse reposent au fond de la mer."
e2cff0c02b61a2636debc357abf75afc,Shale,"Merci ! Je n'ai pas fait tout ce chemin initiatique pour échouer si près de la consécration, mais je ne tiens aucunement à perrrdre bêtement la vie. J'aurais donc besoin de votre aide pour maximiser mes chances de réussite."
"77044eaa4a3ec84516d19590b414eca2",Shar,"Quel étrange sentiment que celui d'être mère, à présent que Geser n'est plus là... Peu importe l'âme dont mon enfant a hérité, je n'ai qu'une seule envie, c'est de pouvoir enfin le prendre dans mes bras."
f8f78f973df7e45c041ecde71b1e6297,Sicard,"Alors j'sais bien qu'on va se retrouver à des malms de la mer, mais pas question de se défiler. Les Bourreaux, on sait y faire sur terre aussi. Si t'as b'soin d'un coup de main, tu sais où m'trouver !"
"55b48453da6e777b76f48ab8ef966589",Snow Spirit,"Allez, on est partis ! Direction Worqor Zormor, au sud ! "
b40de45b452110155dda3f776f47c3f2,Sphene,"Durant la Guerre des fulgurations, il s'est illustré en tant qu'ingénieur, expert en électrope. Tous l'admiraient pour son génie... et déploraient que sa maladie congénitale le condamne à une courte existence."
c794558b27864334cbf5e48aa56f4656,Spike,"C'est Keshkayi, que vous cherchez ? J'peux vous dire où il se trouve. On avait rendez-vous en haut d'une falaise à l'ouest de la région pour que j'lui remette les fragments de météorites."
f5d74a61ed05a8da1fd987bba49b00e0,Sylph,"Comme il est incapable de faire un travail délicat, j'ai pensé qu'il pourrait au moins se charger de quelques corvées. C'est Nathaxio qui a la responsabilité de le chaperonner. Pourriez-vous juste vérifier qu'il ne lambine pas ?"
"2d5e8194b49fe04a178dd49cafae3ed4",Tansui,"Euh, poulette, tu nous as bien regardés ? Nous, on est là pour monnayer not' protection et détrousser ceux qui refusent de casquer. La charité, on connaît pas ! Bon, on t'jettera peut-être une corde si t'es en train d'boire la tasse... mais faut pas nous en demander plus !"
cb17086971e677fa8ff9a7fb7ee4c361,Tataru,"Tant mieux... Enfin, ce n'est pas que je souhaite vous revoir tous à nouveau alités et sans vie, mais... euh... Vous pouvez compter sur moi !"
f0597b6084676e816a0dce70f641cfb0,Teledji Adeledji,"La plupart des cités-États acceptent les réfugiés de nos jours, et Ul'dah ne fait pas exception à la règle. La politique, ici, est juste plus compliquée qu'ailleurs. Avec de bons arguments, il est tout à fait possible de convaincre les décideurs de cette nation."
dc78c24f9666ef8113d9f73ffca51e14,Temulun,"Sachez que nous autres peuples de la steppe respectons la vie. Nous ne tuons pas pour le plaisir, seulement pour nous nourrir et si les circonstances nous l'imposent. Le Naadam est une exception. Pendant toute sa durée, l'acte d'ôter des vies n'est pas considéré comme un crime."
"19479ffa6d6ad58aac282ec7ca627fee",Tesleen,"Quant à vous, _NAME_, j'aimerais que vous vous occupiez de trois de nos patients. Allez les saluer puis assurez-vous qu'ils n'ont pas de sable sur le corps ou le visage."
"0c7ecbf17855a9a3a9a13e0afe8ca195",Thaliak,"Nous avons préservé son équilibre en construisant nos domaines respectifs aux quatre coins de la planète et Omphalos en son centre, au confluent des flux éthérés."
"98266ee5fd9f92548d33d9c5e3dab592",Thancred,Ben voyons... Ton commanditaire ne nous a pas donné la même version des faits.
"50ae2c398fa50c96fdbf502f150a8e03",Urianger,"Doyen... Je peux attester de la force de celui qui vient de vous répondre. De plus, il jouit d'un puissant pouvoir capable de rendre inerte la Lumière des grands purgateurs."
c15320b9ad97e5a1f407267300cbc0f2,Vanu Female,"Pardonne-moi. Comprends bien, ce que tu vois comme un amusement est un rite sacré de mon peuple. Ces danses font partie de notre identité, de notre culture. Sans elles, nous ne serions sans doute guère plus que de simples animaux."
"03592508e579603962448e3244f0aa0e",Vanu Male,"Oh là là ! C'est la fin du monde, l'apocalypse ! Je les ai vus aussi clairement que le glorieux soleil dans un ciel sans nuage. Les géants d'ébène sont parmi nous !"
"794eb9743e70537d70697d2862b48abc",Varis zos Galvus,"Comme c'est amusant. Vous écumez régulièrement les mers, et pourtant vous semblez avoir oublié que l'île de Vylbrand est un butin que les pirates ont arraché aux mains des Kobolds. Je ne vous jette pas la pierre ceci dit, c'est une tribu barbare de moins dont nous devons nous soucier."
fefc806dffa0856335731726abf2eda6,Varshahn,"La démocratisation de cette technologie entraînerait une hausse de la demande de céruleum, profitable aux exportations garlemaldaises. Mon peuple gagnerait lui à être exposé à une culture méconnue."
"16c56928a4ec7b5f041f7215e15b4634",Vath,"Comme vous le savez peut-être, nous utilisons de l'argile dravanienne pour bâtir nos habitations. Cette terre se trouve exclusivement dans le sol de Loth ast Gnath, et nous arrivons bientôt au terme de nos réserves, ksss..."
c1479bd05728dcedb9f210aa27594969,Venat,"Eh bien, la réponse se trouve à l'Hyperborée. Pour que tu comprennes, elle est structurée comme la Métabase, avec plusieurs aires reliées entre elles par la magie. Sauf qu'en l'occurrence, ces multiples espaces correspondent à autant d'habitats naturels artificiellement recréés."
"2b862940832d4cda4be460c3c642b03a",Viera Rava Female 1 & 5,"J'ai cru comprendre que tu entretenais de bonnes relations avec la Firme du commerce de l'Aldenard oriental, qui n'a aucun problème à faire ses choux gras sur le dos de l'Empire. Puisqu'ils ne semblent pas en avoir honte, je suis curieuse de voir s'ils accepteront de nous aider."
"8ba05362f4b3a74e01d60971937204a7",Viera Rava Female 2,"Owell est plutôt influent à la halle du Juste. S'il le voulait, il pourrait facilement me priver de ma clientèle. Je sais que je vais devoir lui faire face tôt ou tard pour régler notre différend, mais l'idée est loin de m'enchanter..."
c665f8b7881d037d6b713e46fd804b24,Viera Rava Female 3,"Un vrai petit bijou de technologie ! Avec ça, on peut même connaître la couleur et la taille de l'éther ! Heu, pardon, la puissance du flux et ses propriétés !"
"528d9ba90c7ec1cdb9a2a93a2046c413",Viera Rava Female 4,"Mais j'ai l'impression de m'être perdue en chemin... En vivant ici, je n'ai même pas réalisé que j'étais sous l'emprise d'un pouvoir mystérieux, jusqu'à ce que j'en sois libérée. Je redécouvre depuis qui je suis, et je reste fidèle au poste."
d24d9434fb59cc299d2313e50b36caef,Viera Rava Male 1,"Quant à la ""roche printanière"", il s'agit d'une variété locale de roche volcanique. Après avoir été polie et chauffée, elle est d'une efficacité redoutable pour maintenir une partie du corps à température idéale, et même pour apaiser certaines douleurs musculaires."
e1b07de3ffddb6a1e3216c75cfc7031a,Viera Rava Male 3,"Lui et moi, on n'était ni du même monde, ni de la même race... Et pourtant, on était faits pour se rencontrer. Il y a trente ans, quand tout a basculé et que je me suis retrouvé complètement déboussolé, il a été d'un soutien inestimable."
b0aaae1a29911bec1bff9cd39ee84420,Viera Rava Male 4,"Je vivais sur les collines de l'autre côté de la vallée, mais j'ai dû me réfugier ici avec mes bêtes lors du déluge de Lumière. Elles ont eu un mal fou à s'habituer aux bergers locaux..."
"5caac0a8a699764051e4433afe6d62d2",Viera Veena Female 1 & 5,"Mais vous vous fichez de moi !? C'est à cause de vous et vos règles stupides que les membres tombent comme des mouches dans ce clan ! Et comment je fais pour remplacer tous les bénéfices perdus par ces abrutis qui se jettent à corps perdus dans des combats trop difficiles pour eux, hein !"
"09fbab19ebd46d6cb7fdc508e2a9858a",Viera Veena Female 2,"Oui, c'est quelque chose que j'ai décidé de faire il y a un moment déjà. Je compte retrouver les autres Viis en dehors de la forêt et leur proposer de venir vivre avec nous afin de protéger ensemble les vestiges de l'empire de Ronka."
"1d78d8db66b03852141098e6c108c500",Viera Veena Female 3,"""Mais lorsque le sanctuaire de l'ouest coula au fond du lac, et que les prêtres disparurent les uns après les autres, les Viis restèrent les seules gardiennes en activité. Le Grand Serpent pleura la perte de ses amis, et s'incarna dans les immenses branches sinusoïdales qui couvrent la forêt."""
"4b40cbd8160b9ddedac5fe793c4a8224",Viera Veena Female 4,"Merci pour tout, vraiment. De nombreux étudiants en échange, moi comprise, n'auraient pas pu profiter de cette expérience sans votre aide."
"545cedb5eea3990be77238a00fa0acb9",Viera Veena Male 3,"Mon peuple est capable de distinguer les pierres magiques d'autres plus ordinaires, même si elles semblent identiques. On les considère comme des talismans protecteurs qui contiennent une partie de l'âme de nos ancêtres, et on s'en sépare jamais."
cddddc8be2d50f405ff3a4ff8f7afbeb,Widargelt,"Quand l'Empire est venu nous embrigader, j'ai eu la chance, ou plutôt le malheur, d'être réformé. J'avais échappé au pire, mais je me sentais esseulé et pitoyable. J'ai fini par m'en vouloir terriblement de m'être complu dans ce confort non mérité."
"2acae5250c38158934cbe2d22afa6bce",Wuk Lamat,Ces réjouissances font partie de leur style de vie ! À nous d'organiser une grande fête pour briser la morosité ambiante ! Il faut sortir de ce cercle vicieux en rétablissant l'euphorie qui caractérise les Hanu Hanu !
c1b268b9852e119c5a94f5d9d20903fe,Yda,"Je suis partie parce que... parce que j'ai rejoint les Héritiers de la Septième Aube, et je... je devais rester discrète, oui ! Mais je vais bien, comme vous le voyez ! Hé hé hé..."
a0f27c4eaf0eefe9c8799430be68f4fd,Y'nazqha,Tu as même croisé le fer avec un maître d'armes ! C'est un miracle que ce livre ait survécu à l'autodafé de l'Empire lorsque celui-ci a essayé d'effacer toute trrrace de cet art martial !
"260ffda4878a2540ef947f926984c7dd",Yok Huy,"Notre peuple vénère les serpents comme des animaux SACRÉS qui gouvernent la frontière entre les mondes. Lorsque nos ancêtres ressentirent l'immense POUVOIR de la bête endormie, ils voulurent obtenir sa protection et lui construisirent un temple autour des ruines existantes."
"5014812e5dc36680d10692ca10f36de9",Yoshi-P,Je n'ose imaginer quel pouvoir cet adversaire aurait gagné si vous aviez échoué. Sans doute aurait-il marqué à jamais les esprits... Rien que le fait d'y penser me donne l'inspiration !
"3794e09dc4fb72dda42790b93f629256",Yotsuyu,"J'ai même entendu dire que pour retrouver ton seigneur chéri au plus vite, tu n'as pas hésité à te mettre au service de l'armée garlemaldaise ! Depuis ce temps-là, ta réputation de tueur à gages sanguinaire ne te lâche plus."
"82f6b29515188eda02e503bc4bb09265",Ysayle,"Lorsque j'ai rencontré Hraesvelgr pour la première fois, j'ai compris où se trouvait la vérité. J'ai alors décidé de mettre un terme à l'hégémonie du Saint-Siège sur Ishgard. Cette bande de traîtres ne font qu'attiser la flamme du conflit depuis bien trop longtemps, et je suis prête à payer le prix de mes péchés si cela entraîne le début d'une nouvelle ère de paix pour mon peuple."
"5f34a1606aca0157966e27cdd204a6cf",Y'shtola,"Cela pourrait s'expliquer si cet animal est capable de se déplacer dans le temps. Dans ce cas, le fait que Roundrox ait mis la main sur un morceau de l'Enigma Codex serait aussi le résultat d'une interférence avec le futur... ?"
"1a226506016e5fa7391c8827ccf77da0",Yugiri,"Ces installations ont été laissées à l'abandon par les Impériaux après leur invasion de Doma, et sont restées inutilisées depuis. Si Asahi et sa clique veulent nous tendre un piège, c'est là qu'ils le feront... Ne vous inquiétez pas, Mon Seigneur. Je vais partir en éclaireuse et trouver une issue de secours."
"3e52931f0b0fbc11213205dd5008cbeb",Zenos yae Galvus,"Vois-tu, l'extermination des Primordiaux est l'une des principales missions de l'État garlemaldais. Tout ceci remonterait à l'époque de Solus, notre premier empereur. Lors de sa conquête des territoires orientaux, il aurait contemplé de ses propres yeux la désolation provoquée par ces entités. Devant une telle menace pour la survie de notre planète, il a fait de leur annihilation sa plus grande priorité."
ac06bc91ea3181fb61dfba2f5a234a15,Zero,"Cela dit, les autres n'ont pas changé leurs habitudes... Si nous pouvions récolter des vivres dans le néant et recréer une culture culinaire, peut-être que plus personne ne songerait à dévorer son voisin pour obtenir de l'éther."
"915a0681536c08bcfeb3e3fffc17b514",Zoraal Ja,"Eh bien allons-y, perpétuons le cycle ! Jusqu'à ce que l'absurdité de la guerre et de la violence apparaisse évidente aux yeux de chacun, et que le monde entier décide de déposer les armes."
